file,app,camera,blur,share,iteration,condition,name,avg_power_W,total_energy_J,total_time_s,EDP_Js,n_samples_power
results\teams_blur_1.csv,teams,,on,,1,teams_blur,teams_blur_1.csv,7.675250589064098,231.0365447998047,30.1,6954.1999984741215,151
results\teams_blur_10.csv,teams,,on,,10,teams_blur,teams_blur_10.csv,7.140073899263139,214.95474243164062,30.109,6472.0723398742675,151
results\teams_blur_11.csv,teams,,on,,11,teams_blur,teams_blur_11.csv,6.912084293713497,208.08224487304324,30.11,6265.356393127332,151
results\teams_blur_12.csv,teams,,on,,12,teams_blur,teams_blur_12.csv,7.66169482178536,230.41127014160156,30.08,6930.771005859375,151
results\teams_blur_13.csv,teams,,on,,13,teams_blur,teams_blur_13.csv,7.1936576455614025,215.1372528076172,29.908,6434.324956970215,150
results\teams_blur_14.csv,teams,,on,,14,teams_blur,teams_blur_14.csv,6.900804522738605,206.38890075683958,29.912,6173.504799438585,150
results\teams_blur_15.csv,teams,,on,,15,teams_blur,teams_blur_15.csv,7.422465913886519,223.3266143798828,30.091,6720.121153305054,151
results\teams_blur_16.csv,teams,,on,,16,teams_blur,teams_blur_16.csv,8.09339658050886,243.59927368164062,30.101,7332.5817370910645,151
results\teams_blur_17.csv,teams,,on,,17,teams_blur,teams_blur_17.csv,9.549739444559252,287.2496032714844,30.090000000000003,8643.340562438965,151
results\teams_blur_18.csv,teams,,on,,18,teams_blur,teams_blur_18.csv,4.716407046615486,138.9492645263672,29.467000000000002,4094.4179777984623,148
results\teams_blur_19.csv,teams,,on,,19,teams_blur,teams_blur_19.csv,4.584126721526943,135.05050659179688,29.469000000000005,3979.803378753663,148
results\teams_blur_2.csv,teams,,on,,2,teams_blur,teams_blur_2.csv,7.217296476380112,215.98060607910156,29.923000000000002,6462.787675704956,150
results\teams_blur_20.csv,teams,,on,,20,teams_blur,teams_blur_20.csv,10.7698547766821,133.0242767333948,29.498,3923.95011508168,149
results\teams_blur_21.csv,teams,,on,,21,teams_blur,teams_blur_21.csv,4.557802938048968,134.3679809570349,29.487000000000002,3962.108654480088,148
results\teams_blur_22.csv,teams,,on,,22,teams_blur,teams_blur_22.csv,4.5784040124705765,135.9622039794922,29.700000000000003,4038.077458190918,149
results\teams_blur_23.csv,teams,,on,,23,teams_blur,teams_blur_23.csv,4.479895084111344,131.91529846191406,29.455000000000002,3885.565116195679,148
results\teams_blur_24.csv,teams,,on,,24,teams_blur,teams_blur_24.csv,4.525868730807818,134.35511779785156,29.690000000000005,3989.0034474182135,149
results\teams_blur_25.csv,teams,,on,,25,teams_blur,teams_blur_25.csv,4.604661963608767,135.7731018066479,29.492,4004.22031848166,148
results\teams_blur_26.csv,teams,,on,,26,teams_blur,teams_blur_26.csv,4.654868849686239,138.11569213867188,29.678,4098.997511291504,149
results\teams_blur_27.csv,teams,,on,,27,teams_blur,teams_blur_27.csv,4.498563224669719,132.52224731444585,29.467,3905.0330616147758,148
results\teams_blur_28.csv,teams,,on,,28,teams_blur,teams_blur_28.csv,2.1648081629157736,63.33871459959482,29.265,1853.6074827571426,147
results\teams_blur_29.csv,teams,,on,,29,teams_blur,teams_blur_29.csv,4.572791298097664,134.627685546875,29.470000000000002,3967.4778930664065,148
results\teams_blur_3.csv,teams,,on,,3,teams_blur,teams_blur_3.csv,6.622877274790136,199.42874145507812,30.116,6005.995977661133,151
results\teams_blur_30.csv,teams,,on,,30,teams_blur,teams_blur_30.csv,4.6408889801244815,135.6004180908203,29.254,3966.854630828858,147
results\teams_blur_4.csv,teams,,on,,4,teams_blur,teams_blur_4.csv,6.688764684967496,201.32818603515625,30.104999999999997,6060.985040588378,151
results\teams_blur_5.csv,teams,,on,,5,teams_blur,teams_blur_5.csv,6.9761615282130665,202.9901123046875,29.097,5906.403297729493,146
results\teams_blur_6.csv,teams,,on,,6,teams_blur,teams_blur_6.csv,6.876518721508938,207.0318603515625,30.110999999999997,6233.9363470458975,151
results\teams_blur_7.csv,teams,,on,,7,teams_blur,teams_blur_7.csv,7.622296613920101,229.29212951660156,30.081999999999997,6897.565840118407,151
results\teams_blur_8.csv,teams,,on,,8,teams_blur,teams_blur_8.csv,7.264061035606608,218.38363647460938,30.069,6566.577565155029,151
results\teams_blur_9.csv,teams,,on,,9,teams_blur,teams_blur_9.csv,7.168847525760378,214.25050354003906,29.893,6404.590302322388,150
results\teams_camera_off_1.csv,teams,off,,,1,teams_camera_off,teams_camera_off_1.csv,5.513213442673822,161.50503540039062,29.307000000000002,4733.228072479248,147
results\teams_camera_off_10.csv,teams,off,,,10,teams_camera_off,teams_camera_off_10.csv,5.746738027655264,169.58990478515625,29.516000000000002,5005.6156296386725,148
results\teams_camera_off_11.csv,teams,off,,,11,teams_camera_off,teams_camera_off_11.csv,7.046948958289324,206.51022338867188,29.304000000000002,6051.5755861816415,147
results\teams_camera_off_12.csv,teams,off,,,12,teams_camera_off,teams_camera_off_12.csv,5.793340769191996,172.0048370361328,29.697000000000003,5108.027645462036,149
results\teams_camera_off_13.csv,teams,off,,,13,teams_camera_off,teams_camera_off_13.csv,6.717479585637702,199.43722534179688,29.677,5918.698536468506,149
results\teams_camera_off_14.csv,teams,off,,,14,teams_camera_off,teams_camera_off_14.csv,5.785596794364146,171.9219360351526,29.714,5108.488407348525,149
results\teams_camera_off_15.csv,teams,off,,,15,teams_camera_off,teams_camera_off_15.csv,6.398448951550134,188.69006347656614,29.489000000000004,5564.28128186046,148
results\teams_camera_off_16.csv,teams,off,,,16,teams_camera_off,teams_camera_off_16.csv,6.106956206073307,177.67831420898074,29.103,5170.971978423967,146
results\teams_camera_off_17.csv,teams,off,,,17,teams_camera_off,teams_camera_off_17.csv,6.555113930279273,194.60968017578125,29.688000000000002,5777.572185058594,149
results\teams_camera_off_18.csv,teams,off,,,18,teams_camera_off,teams_camera_off_18.csv,6.3174937247366545,187.61570739746094,29.699000000000005,5571.998893997194,149
results\teams_camera_off_19.csv,teams,off,,,19,teams_camera_off,teams_camera_off_19.csv,6.453027730603821,189.1845703125,29.308000000000003,5544.621386718751,147
results\teams_camera_off_2.csv,teams,off,,,2,teams_camera_off,teams_camera_off_2.csv,6.731180202906506,198.42974853515625,29.503,5854.272871032715,148
results\teams_camera_off_20.csv,teams,off,,,20,teams_camera_off,teams_camera_off_20.csv,5.598085073881438,166.17776489257812,29.698999999999998,4935.313439544678,149
results\teams_camera_off_21.csv,teams,off,,,21,teams_camera_off,teams_camera_off_21.csv,6.555086015660884,194.76043701171875,29.714,5787.11162536621,149
results\teams_camera_off_22.csv,teams,off,,,22,teams_camera_off,teams_camera_off_22.csv,5.677158963077452,166.2388458251953,29.295,4869.966988449097,147
results\teams_camera_off_23.csv,teams,off,,,23,teams_camera_off,teams_camera_off_23.csv,5.610446838189711,166.3505401611328,29.676,4936.618629821777,149
results\teams_camera_off_24.csv,teams,off,,,24,teams_camera_off,teams_camera_off_24.csv,5.750764842173125,170.5564270019604,29.668000000000003,5060.068076294162,149
results\teams_camera_off_25.csv,teams,off,,,25,teams_camera_off,teams_camera_off_25.csv,6.282538350761517,187.7765655517578,29.898,5614.143756866455,150
results\teams_camera_off_26.csv,teams,off,,,26,teams_camera_off,teams_camera_off_26.csv,5.542207406868764,163.48056030273438,29.505000000000003,4823.493931732178,148
results\teams_camera_off_27.csv,teams,off,,,27,teams_camera_off,teams_camera_off_27.csv,6.678223679659235,198.1664581298901,29.683,5882.1749766695275,149
results\teams_camera_off_28.csv,teams,off,,,28,teams_camera_off,teams_camera_off_28.csv,6.553343694227691,194.71936035157705,29.717,5786.475231567815,149
results\teams_camera_off_29.csv,teams,off,,,29,teams_camera_off,teams_camera_off_29.csv,5.943464930813096,176.5305938720776,29.702,5243.311699188449,149
results\teams_camera_off_3.csv,teams,off,,,3,teams_camera_off,teams_camera_off_3.csv,7.304899810400416,218.48193359375,29.913,6535.450079589844,150
results\teams_camera_off_30.csv,teams,off,,,30,teams_camera_off,teams_camera_off_30.csv,6.284338023356231,186.67514038085938,29.712000000000003,5546.491770996095,149
results\teams_camera_off_4.csv,teams,off,,,4,teams_camera_off,teams_camera_off_4.csv,6.23085464500552,183.8441619873065,29.507,5424.689687759454,148
results\teams_camera_off_5.csv,teams,off,,,5,teams_camera_off,teams_camera_off_5.csv,5.810503799863444,172.51794433593932,29.697,5123.2653929443895,149
results\teams_camera_off_6.csv,teams,off,,,6,teams_camera_off,teams_camera_off_6.csv,6.401075714095461,190.174468994137,29.716,5651.224520629775,149
results\teams_camera_off_7.csv,teams,off,,,7,teams_camera_off,teams_camera_off_7.csv,5.867239818900443,174.3147125244177,29.715,5179.761682663072,149
results\teams_camera_off_8.csv,teams,off,,,8,teams_camera_off,teams_camera_off_8.csv,6.109866222965479,180.40522766113645,29.528,5327.005562378037,148
results\teams_camera_off_9.csv,teams,off,,,9,teams_camera_off,teams_camera_off_9.csv,5.985375773393845,177.7314300537073,29.695,5277.734815444838,149
results\teams_camera_on_1.csv,teams,on,,,1,teams_camera_on,teams_camera_on_1.csv,6.664669364215044,199.21978759765625,29.9,5956.671649169922,150
results\teams_camera_on_10.csv,teams,on,,,10,teams_camera_on,teams_camera_on_10.csv,7.021517207465072,209.9123840331995,29.893,6274.910895904432,150
results\teams_camera_on_11.csv,teams,on,,,11,teams_camera_on,teams_camera_on_11.csv,6.03430480235911,179.2293243408203,29.707,5324.365538192749,149
results\teams_camera_on_12.csv,teams,on,,,12,teams_camera_on,teams_camera_on_12.csv,6.835597398647343,203.01934814453125,29.708,6031.298794677734,149
results\teams_camera_on_13.csv,teams,on,,,13,teams_camera_on,teams_camera_on_13.csv,5.961748799376952,174.6811065673828,29.306,5119.204509063721,147
results\teams_camera_on_14.csv,teams,on,,,14,teams_camera_on,teams_camera_on_14.csv,6.736385775709016,201.40721130371094,29.902,6022.4784324035645,150
results\teams_camera_on_15.csv,teams,on,,,15,teams_camera_on,teams_camera_on_15.csv,7.0052736880623945,209.4364471435547,29.906,6263.406388275146,150
results\teams_camera_on_16.csv,teams,on,,,16,teams_camera_on,teams_camera_on_16.csv,6.70309084791634,200.41793823242188,29.906,5993.698860778808,150
results\teams_camera_on_17.csv,teams,on,,,17,teams_camera_on,teams_camera_on_17.csv,6.656239371114249,197.6106414794922,29.688000000000002,5866.6647242431645,149
results\teams_camera_on_18.csv,teams,on,,,18,teams_camera_on,teams_camera_on_18.csv,6.593212623374242,197.12510681152344,29.901,5894.237818771362,150
results\teams_camera_on_19.csv,teams,on,,,19,teams_camera_on,teams_camera_on_19.csv,6.508334151997495,194.4882354736401,29.883000000000003,5811.8919406587875,150
results\teams_camera_on_2.csv,teams,on,,,2,teams_camera_on,teams_camera_on_2.csv,6.268906414395263,187.30401611328034,29.884,5597.393217529269,150
results\teams_camera_on_20.csv,teams,on,,,20,teams_camera_on,teams_camera_on_20.csv,6.705637651288158,200.61059570313228,29.916999999999998,6001.6671916506075,150
results\teams_camera_on_21.csv,teams,on,,,21,teams_camera_on,teams_camera_on_21.csv,7.494604393999238,222.4397735595703,29.707,6608.018353134155,149
results\teams_camera_on_22.csv,teams,on,,,22,teams_camera_on,teams_camera_on_22.csv,6.414239508043809,191.7462615966797,29.897,5732.637982955932,150
results\teams_camera_on_23.csv,teams,on,,,23,teams_camera_on,teams_camera_on_23.csv,6.670996204656381,196.80247497557866,29.511,5807.837839004302,148
results\teams_camera_on_24.csv,teams,on,,,24,teams_camera_on,teams_camera_on_24.csv,6.529180916106684,193.8142852783203,29.685000000000002,5753.377058486939,149
results\teams_camera_on_25.csv,teams,on,,,25,teams_camera_on,teams_camera_on_25.csv,5.99337102439054,176.79220581054688,29.505000000000003,5216.254032440186,148
results\teams_camera_on_26.csv,teams,on,,,26,teams_camera_on,teams_camera_on_26.csv,6.352239821434924,189.65255737304688,29.89,5668.714939880371,150
results\teams_camera_on_27.csv,teams,on,,,27,teams_camera_on,teams_camera_on_27.csv,6.398473255760742,189.96472167969478,29.705,5642.902057495333,149
results\teams_camera_on_28.csv,teams,on,,,28,teams_camera_on,teams_camera_on_28.csv,6.928698341494399,205.78088378905522,29.695999999999998,6110.869124999784,149
results\teams_camera_on_29.csv,teams,on,,,29,teams_camera_on,teams_camera_on_29.csv,7.217392470362477,212.91197204589844,29.505000000000003,6281.967735214234,148
results\teams_camera_on_3.csv,teams,on,,,3,teams_camera_on,teams_camera_on_3.csv,6.0933510671172595,180.95797729492188,29.698999999999998,5374.270967681884,149
results\teams_camera_on_30.csv,teams,on,,,30,teams_camera_on,teams_camera_on_30.csv,6.301603839271509,187.28814697266353,29.724,5566.95288061545,149
results\teams_camera_on_4.csv,teams,on,,,4,teams_camera_on,teams_camera_on_4.csv,7.1445238431866445,212.14175415039062,29.700000000000003,6300.610098266602,149
results\teams_camera_on_5.csv,teams,on,,,5,teams_camera_on,teams_camera_on_5.csv,6.330085793432479,187.9523162841797,29.694000000000003,5581.056079742432,149
results\teams_camera_on_6.csv,teams,on,,,6,teams_camera_on,teams_camera_on_6.csv,6.404265904562461,190.38494873046875,29.726,5659.382985961914,149
results\teams_camera_on_7.csv,teams,on,,,7,teams_camera_on,teams_camera_on_7.csv,6.483537246113718,192.6474914550745,29.714,5724.327561096083,149
results\teams_camera_on_8.csv,teams,on,,,8,teams_camera_on,teams_camera_on_8.csv,6.092553146768862,180.9757690429724,29.708,5376.428146728624,149
results\teams_camera_on_9.csv,teams,on,,,9,teams_camera_on,teams_camera_on_9.csv,6.679020889643181,198.29164123535156,29.693,5887.873703201294,149
results\teams_noblur_1.csv,teams,,off,,1,teams_noblur,teams_noblur_1.csv,7.160466328498732,212.69213867186772,29.714,6319.934208495877,149
results\teams_noblur_10.csv,teams,,off,,10,teams_noblur,teams_noblur_10.csv,7.547060439364754,222.48385620117188,29.488000000000003,6560.603951660157,148
results\teams_noblur_11.csv,teams,,off,,11,teams_noblur,teams_noblur_11.csv,7.9490596730311704,234.56094360351744,29.52,6924.239055175834,148
results\teams_noblur_12.csv,teams,,off,,12,teams_noblur,teams_noblur_12.csv,7.000298535672875,206.6103515625,29.517,6098.517747070312,148
results\teams_noblur_13.csv,teams,,off,,13,teams_noblur,teams_noblur_13.csv,7.430181527538798,221.91525268554688,29.868,6628.164767211913,150
results\teams_noblur_14.csv,teams,,off,,14,teams_noblur,teams_noblur_14.csv,16.25930383273804,226.2659454345703,29.490000000000002,6672.582730865479,149
results\teams_noblur_15.csv,teams,,off,,15,teams_noblur,teams_noblur_15.csv,7.0436170848186945,207.91291809082395,29.52,6137.589342041123,148
results\teams_noblur_16.csv,teams,,off,,16,teams_noblur,teams_noblur_16.csv,7.386335718731613,217.8712768554651,29.495,6426.113310851943,148
results\teams_noblur_17.csv,teams,,off,,17,teams_noblur,teams_noblur_17.csv,7.006380348827739,208.10324096679688,29.703000000000003,6181.290566436768,149
results\teams_noblur_18.csv,teams,,off,,18,teams_noblur,teams_noblur_18.csv,4.656408646759207,138.89358520507812,29.843000000000004,4145.001263275147,150
results\teams_noblur_19.csv,teams,,off,,19,teams_noblur,teams_noblur_19.csv,4.653212817506539,138.18838500976562,29.700000000000003,4104.195034790039,149
results\teams_noblur_2.csv,teams,,off,,2,teams_noblur,teams_noblur_2.csv,8.260593787105526,243.56370544433594,29.498,7184.642183197022,148
results\teams_noblur_20.csv,teams,,off,,20,teams_noblur,teams_noblur_20.csv,4.589183960838057,137.09324645996094,29.879,4096.209110977173,150
results\teams_noblur_21.csv,teams,,off,,21,teams_noblur,teams_noblur_21.csv,4.544702628694606,135.85421752929688,29.898,4061.769395690918,150
results\teams_noblur_22.csv,teams,,off,,22,teams_noblur,teams_noblur_22.csv,4.5534932661827225,136.16839599609375,29.909,4072.660555847168,150
results\teams_noblur_23.csv,teams,,off,,23,teams_noblur,teams_noblur_23.csv,4.638104161268416,138.63807678222656,29.895000000000003,4144.585305404664,150
results\teams_noblur_24.csv,teams,,off,,24,teams_noblur,teams_noblur_24.csv,4.574435015535447,136.574462890625,29.864000000000004,4078.6597597656255,150
results\teams_noblur_25.csv,teams,,off,,25,teams_noblur,teams_noblur_25.csv,4.679383163261487,140.74588012695312,30.082,4233.917565979004,151
results\teams_noblur_26.csv,teams,,off,,26,teams_noblur,teams_noblur_26.csv,4.636813714241154,136.5931396484375,29.466,4024.8534528808595,148
results\teams_noblur_27.csv,teams,,off,,27,teams_noblur,teams_noblur_27.csv,4.590699188209331,137.20973205566406,29.894999999999996,4101.884939804077,150
results\teams_noblur_28.csv,teams,,off,,28,teams_noblur,teams_noblur_28.csv,1.7943609144080894,53.230010986328125,29.676000000000002,1579.6538060302735,149
results\teams_noblur_29.csv,teams,,off,,29,teams_noblur,teams_noblur_29.csv,4.644954193599408,138.5749969482422,29.863,4138.265133865357,150
results\teams_noblur_3.csv,teams,,off,,3,teams_noblur,teams_noblur_3.csv,7.503130537274831,224.45315551757812,29.918999999999997,6715.413959930419,150
results\teams_noblur_30.csv,teams,,off,,30,teams_noblur,teams_noblur_30.csv,10.356118896034259,138.69810485839844,30.068,4170.3746168823245,152
results\teams_noblur_4.csv,teams,,off,,4,teams_noblur,teams_noblur_4.csv,7.301932856691121,214.02441406249977,29.311999999999998,6273.483624999993,147
results\teams_noblur_5.csv,teams,,off,,5,teams_noblur,teams_noblur_5.csv,7.868721094149349,233.47825622558594,29.68,6929.63464477539,149
results\teams_noblur_6.csv,teams,,off,,6,teams_noblur,teams_noblur_6.csv,7.432464266894053,219.35255432128906,29.511,6473.313230575562,148
results\teams_noblur_7.csv,teams,,off,,7,teams_noblur,teams_noblur_7.csv,6.926361963457934,205.85325622558594,29.729999999999997,6120.01730758667,149
results\teams_noblur_8.csv,teams,,off,,8,teams_noblur,teams_noblur_8.csv,7.443647112847719,218.15486145019622,29.315,6395.209763412503,147
results\teams_noblur_9.csv,teams,,off,,9,teams_noblur,teams_noblur_9.csv,7.594172026439804,227.03016662597656,29.893,6786.612770950317,150
results\teams_noshare_1.csv,teams,,,off,1,teams_noshare,teams_noshare_1.csv,3.2855209815909308,98.19058227539062,29.893,2935.211075958252,150
results\teams_noshare_10.csv,teams,,,off,10,teams_noshare,teams_noshare_10.csv,5.113438228583948,151.66046142578125,29.666,4499.159248657226,149
results\teams_noshare_11.csv,teams,,,off,11,teams_noshare,teams_noshare_11.csv,5.3726457065295365,158.04737854003906,29.499000000000002,4662.239619552613,148
results\teams_noshare_12.csv,teams,,,off,12,teams_noshare,teams_noshare_12.csv,5.396286483766532,161.24229431152344,29.897000000000002,4820.660873031617,150
results\teams_noshare_13.csv,teams,,,off,13,teams_noshare,teams_noshare_13.csv,5.332784682832802,160.4761199951172,30.095,4829.528831253052,151
results\teams_noshare_14.csv,teams,,,off,14,teams_noshare,teams_noshare_14.csv,5.285496896918138,159.09817504881357,30.115,4791.241541595021,151
results\teams_noshare_15.csv,teams,,,off,15,teams_noshare,teams_noshare_15.csv,5.501721239937537,163.35650634765625,29.700000000000003,4851.688238525391,149
results\teams_noshare_16.csv,teams,,,off,16,teams_noshare,teams_noshare_16.csv,6.6063446749701695,194.93913269042991,29.506999999999998,5752.068988296515,148
results\teams_noshare_17.csv,teams,,,off,17,teams_noshare,teams_noshare_17.csv,5.485216961687968,162.87953186035156,29.701,4837.684975784302,149
results\teams_noshare_18.csv,teams,,,off,18,teams_noshare,teams_noshare_18.csv,5.37894988154387,161.22973632812682,30.057000000000002,4846.082184814508,151
results\teams_noshare_19.csv,teams,,,off,19,teams_noshare,teams_noshare_19.csv,5.682882401611738,169.45570373535156,29.913000000000004,5068.928465835572,150
results\teams_noshare_2.csv,teams,,,off,2,teams_noshare,teams_noshare_2.csv,2.3866170327551384,71.35293579100835,29.902,2133.5954860227316,150
results\teams_noshare_20.csv,teams,,,off,20,teams_noshare,teams_noshare_20.csv,5.559044136958008,72.25048828125182,29.89,2159.5670947266167,151
results\teams_noshare_21.csv,teams,,,off,21,teams_noshare,teams_noshare_21.csv,3.3956989669956754,99.39086914062318,29.304000000000002,2912.550029296822,147
results\teams_noshare_22.csv,teams,,,off,22,teams_noshare,teams_noshare_22.csv,5.653573271458893,72.87496948242188,29.665999999999997,2161.908844665527,150
results\teams_noshare_23.csv,teams,,,off,23,teams_noshare,teams_noshare_23.csv,2.532724575556544,74.51043701172057,29.478,2196.418662231499,148
results\teams_noshare_24.csv,teams,,,off,24,teams_noshare,teams_noshare_24.csv,2.735219385156729,74.84001159667969,29.727,2224.769024734497,150
results\teams_noshare_25.csv,teams,,,off,25,teams_noshare,teams_noshare_25.csv,3.680923367255496,108.50590515136719,29.505000000000003,3201.466731491089,148
results\teams_noshare_26.csv,teams,,,off,26,teams_noshare,teams_noshare_26.csv,2.5049087939813326,75.2305908203125,30.083000000000002,2263.161863647461,151
results\teams_noshare_27.csv,teams,,,off,27,teams_noshare,teams_noshare_27.csv,3.3630041322548516,101.10118103027344,30.069,3040.011412399292,151
results\teams_noshare_28.csv,teams,,,off,28,teams_noshare,teams_noshare_28.csv,6.356274017301027,75.60276794433958,29.1,2200.040547180282,147
results\teams_noshare_29.csv,teams,,,off,29,teams_noshare,teams_noshare_29.csv,2.9284387773087426,86.7952880859375,29.684,2576.431331542969,149
results\teams_noshare_3.csv,teams,,,off,3,teams_noshare,teams_noshare_3.csv,12.329187426844484,98.38034057617188,29.709000000000003,2922.7815381774903,150
results\teams_noshare_30.csv,teams,,,off,30,teams_noshare,teams_noshare_30.csv,3.137598281640791,92.41165161132449,29.503000000000004,2726.420957488907,148
results\teams_noshare_4.csv,teams,,,off,4,teams_noshare,teams_noshare_4.csv,3.8166061355432217,112.35186767577397,29.483000000000004,3312.4701146848447,148
results\teams_noshare_5.csv,teams,,,off,5,teams_noshare,teams_noshare_5.csv,3.6608708800108127,110.05792236328853,30.098000000000003,3312.5233472902582,151
results\teams_noshare_6.csv,teams,,,off,6,teams_noshare,teams_noshare_6.csv,5.898934160089881,72.32446289061772,29.301000000000002,2119.17908715799,148
results\teams_noshare_7.csv,teams,,,off,7,teams_noshare,teams_noshare_7.csv,3.3180961991398683,97.81524658203125,29.487000000000002,2884.278175964356,148
results\teams_noshare_8.csv,teams,,,off,8,teams_noshare,teams_noshare_8.csv,2.6688583887030353,76.58421325683594,29.949000000000005,2293.62060282898,151
results\teams_noshare_9.csv,teams,,,off,9,teams_noshare,teams_noshare_9.csv,5.005033175393884,150.59860229492188,30.095,4532.264936065673,151
results\teams_share_1.csv,teams,,,on,1,teams_share,teams_share_1.csv,8.767820068532705,123.72889709473384,29.317,3627.360076126312,148
results\teams_share_10.csv,teams,,,on,10,teams_share,teams_share_10.csv,7.552554699773346,225.0405731201172,29.885,6725.337527694703,150
results\teams_share_11.csv,teams,,,on,11,teams_share,teams_share_11.csv,7.764668672873662,231.56790161132812,29.881,6919.480468048096,150
results\teams_share_12.csv,teams,,,on,12,teams_share,teams_share_12.csv,6.977149945179053,208.28834533691406,29.880000000000003,6223.655758666992,150
results\teams_share_13.csv,teams,,,on,13,teams_share,teams_share_13.csv,7.041419280131936,210.36065673828853,29.896,6288.942193847874,150
results\teams_share_14.csv,teams,,,on,14,teams_share,teams_share_14.csv,7.808520037524868,233.10662841796875,29.916999999999998,6973.851002380371,150
results\teams_share_15.csv,teams,,,on,15,teams_share,teams_share_15.csv,7.3356130679847835,219.3649902343751,29.91,6561.20685791016,150
results\teams_share_16.csv,teams,,,on,16,teams_share,teams_share_16.csv,7.113109023250554,212.06028747558594,29.885,6337.421691207886,150
results\teams_share_17.csv,teams,,,on,17,teams_share,teams_share_17.csv,8.421691971821959,249.73411560058594,29.716,7421.0989791870115,149
results\teams_share_18.csv,teams,,,on,18,teams_share,teams_share_18.csv,7.321428561425291,218.9064178466797,29.903,6545.958612869263,150
results\teams_share_19.csv,teams,,,on,19,teams_share,teams_share_19.csv,4.873639733033862,145.520751953125,29.866000000000003,4346.122777832032,150
results\teams_share_2.csv,teams,,,on,2,teams_share,teams_share_2.csv,12.44867073338816,121.02178955078125,30.080000000000005,3640.3354296875004,152
results\teams_share_20.csv,teams,,,on,20,teams_share,teams_share_20.csv,7.802326276096151,101.97477722167969,29.281000000000006,2985.9234518280036,148
results\teams_share_21.csv,teams,,,on,21,teams_share,teams_share_21.csv,4.078147510128862,122.60633850097838,30.096000000000004,3689.9603635254457,151
results\teams_share_22.csv,teams,,,on,22,teams_share,teams_share_22.csv,8.130603712969643,123.06431579589662,30.078000000000003,3701.528490508979,152
results\teams_share_23.csv,teams,,,on,23,teams_share,teams_share_23.csv,4.126988118831662,124.0672607421875,30.081,3732.067270385742,151
results\teams_share_24.csv,teams,,,on,24,teams_share,teams_share_24.csv,5.370148402143083,66.95010375976562,29.479,1973.6221087341307,149
results\teams_share_25.csv,teams,,,on,25,teams_share,teams_share_25.csv,4.388630951006097,131.9495849609375,30.105,3972.3422552490233,151
results\teams_share_26.csv,teams,,,on,26,teams_share,teams_share_26.csv,4.147867368885889,124.62260437011719,30.083,3749.021807266235,151
results\teams_share_27.csv,teams,,,on,27,teams_share,teams_share_27.csv,8.500952393980398,129.427734375,30.090000000000003,3894.4805273437505,152
results\teams_share_28.csv,teams,,,on,28,teams_share,teams_share_28.csv,3.650987889236652,105.94073486327761,29.057000000000002,3078.319932922258,146
results\teams_share_29.csv,teams,,,on,29,teams_share,teams_share_29.csv,8.140725965255236,103.8787994384802,29.106,3023.496336456405,147
results\teams_share_3.csv,teams,,,on,3,teams_share,teams_share_3.csv,4.350192810095733,126.39189147948491,29.089000000000006,3676.613731246737,146
results\teams_share_30.csv,teams,,,on,30,teams_share,teams_share_30.csv,2.454217575852143,72.28784179687136,29.501,2132.563620849502,148
results\teams_share_4.csv,teams,,,on,4,teams_share,teams_share_4.csv,4.273945944302393,124.89576721191406,29.285000000000004,3657.5725428009036,147
results\teams_share_5.csv,teams,,,on,5,teams_share,teams_share_5.csv,9.776318566764672,123.70903015136719,29.301000000000002,3624.79829246521,148
results\teams_share_6.csv,teams,,,on,6,teams_share,teams_share_6.csv,3.4532833170346766,100.48236083984375,29.106000000000005,2924.6395946044927,146
results\teams_share_7.csv,teams,,,on,7,teams_share,teams_share_7.csv,3.284673951463349,96.72236633300781,29.484,2851.7622489624027,148
results\teams_share_8.csv,teams,,,on,8,teams_share,teams_share_8.csv,5.523933607946195,67.67774963379634,29.486,1995.5461257021188,149
results\teams_share_9.csv,teams,,,on,9,teams_share,teams_share_9.csv,7.550152150815996,224.1508026123047,29.7,6657.278837585449,149
results\zoom_blur_1.csv,zoom,,on,,1,zoom_blur,zoom_blur_1.csv,6.98914411377948,204.7518768310547,29.297000000000004,5998.61573551941,147
results\zoom_blur_10.csv,zoom,,on,,10,zoom_blur,zoom_blur_10.csv,7.584557176082952,222.1036224365307,29.285,6504.304583053802,147
results\zoom_blur_11.csv,zoom,,on,,11,zoom_blur,zoom_blur_11.csv,7.023116461090855,205.59979248046875,29.28,6019.961923828125,147
results\zoom_blur_12.csv,zoom,,on,,12,zoom_blur,zoom_blur_12.csv,7.161569859616881,209.7279052734375,29.294,6143.769257080078,147
results\zoom_blur_13.csv,zoom,,on,,13,zoom_blur,zoom_blur_13.csv,8.302181942499386,243.173828125,29.295,7123.777294921875,147
results\zoom_blur_14.csv,zoom,,on,,14,zoom_blur,zoom_blur_14.csv,6.6507699410679155,193.48832702636355,29.101000000000003,5630.703804794206,146
results\zoom_blur_15.csv,zoom,,on,,15,zoom_blur,zoom_blur_15.csv,4.6207994307445945,137.1753234863245,29.691000000000003,4072.8725296324606,149
results\zoom_blur_16.csv,zoom,,on,,16,zoom_blur,zoom_blur_16.csv,10.718235296723249,135.6457977294922,29.693000000000005,4027.730671981812,150
results\zoom_blur_17.csv,zoom,,on,,17,zoom_blur,zoom_blur_17.csv,10.74037809899105,138.8282012939453,29.688000000000002,4121.5316400146485,150
results\zoom_blur_18.csv,zoom,,on,,18,zoom_blur,zoom_blur_18.csv,4.511566846544623,133.97598266601562,29.698,3978.818733215332,149
results\zoom_blur_19.csv,zoom,,on,,19,zoom_blur,zoom_blur_19.csv,4.590539751171542,136.33932495117188,29.703000000000003,4049.6869690246585,149
results\zoom_blur_2.csv,zoom,,on,,2,zoom_blur,zoom_blur_2.csv,7.170560355754376,210.06292724609375,29.297000000000004,6154.2135795288095,147
results\zoom_blur_20.csv,zoom,,on,,20,zoom_blur,zoom_blur_20.csv,4.591049144123057,136.2993621826172,29.691,4046.8643625640866,149
results\zoom_blur_21.csv,zoom,,on,,21,zoom_blur,zoom_blur_21.csv,10.731388571968095,136.77096557617188,29.686,4060.1828840942385,150
results\zoom_blur_22.csv,zoom,,on,,22,zoom_blur,zoom_blur_22.csv,4.594697348312731,136.4397430419922,29.701,4052.39680809021,149
results\zoom_blur_23.csv,zoom,,on,,23,zoom_blur,zoom_blur_23.csv,4.638104249248286,137.66244506835938,29.684000000000005,4086.37201940918,149
results\zoom_blur_24.csv,zoom,,on,,24,zoom_blur,zoom_blur_24.csv,4.670035171620184,138.55734252929688,29.674000000000003,4111.550582214356,149
results\zoom_blur_25.csv,zoom,,on,,25,zoom_blur,zoom_blur_25.csv,5.296964571330833,157.24098205566406,29.687000000000005,4668.0130342864995,149
results\zoom_blur_26.csv,zoom,,on,,26,zoom_blur,zoom_blur_26.csv,4.62686886124368,137.37521362304688,29.693,4079.082218109131,149
results\zoom_blur_27.csv,zoom,,on,,27,zoom_blur,zoom_blur_27.csv,4.599555369365747,135.39859008789062,29.468000000000004,3989.9256527099615,148
results\zoom_blur_28.csv,zoom,,on,,28,zoom_blur,zoom_blur_28.csv,11.082611533627453,134.16488647461665,29.491,3956.6566670229195,149
results\zoom_blur_29.csv,zoom,,on,,29,zoom_blur,zoom_blur_29.csv,4.647892081037016,137.89019775391353,29.692999999999998,4094.373641906954,149
results\zoom_blur_3.csv,zoom,,on,,3,zoom_blur,zoom_blur_3.csv,7.160187946426902,209.84494018554688,29.305,6149.505972137451,147
results\zoom_blur_30.csv,zoom,,on,,30,zoom_blur,zoom_blur_30.csv,11.98949751203253,137.17552185057866,29.685000000000002,4072.055366134428,150
results\zoom_blur_4.csv,zoom,,on,,4,zoom_blur,zoom_blur_4.csv,6.917693287926935,202.54852294921693,29.29,5932.646237182564,147
results\zoom_blur_5.csv,zoom,,on,,5,zoom_blur,zoom_blur_5.csv,6.654824111314398,200.22250366210938,30.084000000000003,6023.493800170899,151
results\zoom_blur_6.csv,zoom,,on,,6,zoom_blur,zoom_blur_6.csv,7.998902439016544,234.20928955078125,29.285000000000004,6858.819044494629,147
results\zoom_blur_7.csv,zoom,,on,,7,zoom_blur,zoom_blur_7.csv,6.598259365490384,193.2706756591797,29.296,5662.057714111328,147
results\zoom_blur_8.csv,zoom,,on,,8,zoom_blur,zoom_blur_8.csv,7.4344733081485135,217.86981201171875,29.308,6385.328450439453,147
results\zoom_blur_9.csv,zoom,,on,,9,zoom_blur,zoom_blur_9.csv,7.128099878315264,209.04649353027344,29.333,6131.960794723511,147
results\zoom_camera_off_1.csv,zoom,off,,,1,zoom_camera_off,zoom_camera_off_1.csv,4.959888382242136,147.25941467285156,29.695,4372.868318710327,149
results\zoom_camera_off_10.csv,zoom,off,,,10,zoom_camera_off,zoom_camera_off_10.csv,5.252301204853747,157.0047149658203,29.898000000000003,4694.126968048096,150
results\zoom_camera_off_11.csv,zoom,off,,,11,zoom_camera_off,zoom_camera_off_11.csv,5.3781232680451865,157.42265319823855,29.274,4608.390749725236,147
results\zoom_camera_off_12.csv,zoom,off,,,12,zoom_camera_off,zoom_camera_off_12.csv,12.110420738248903,168.0325469970703,29.722,4994.263361846924,150
results\zoom_camera_off_13.csv,zoom,off,,,13,zoom_camera_off,zoom_camera_off_13.csv,5.007060928149774,148.72807312011355,29.708000000000002,4418.413596252333,149
results\zoom_camera_off_14.csv,zoom,off,,,14,zoom_camera_off,zoom_camera_off_14.csv,5.008230926352212,148.57545471191406,29.677,4409.273769485473,149
results\zoom_camera_off_15.csv,zoom,off,,,15,zoom_camera_off,zoom_camera_off_15.csv,5.413191027048386,160.57720947265625,29.689,4767.376772033692,149
results\zoom_camera_off_16.csv,zoom,off,,,16,zoom_camera_off,zoom_camera_off_16.csv,6.126547536230185,181.96546936035156,29.701,5404.556405471802,149
results\zoom_camera_off_17.csv,zoom,off,,,17,zoom_camera_off,zoom_camera_off_17.csv,5.70760119410932,170.55909729003906,29.884999999999998,5097.158622512817,150
results\zoom_camera_off_18.csv,zoom,off,,,18,zoom_camera_off,zoom_camera_off_18.csv,6.180011146637551,183.60293579101562,29.703000000000003,5453.558001800538,149
results\zoom_camera_off_19.csv,zoom,off,,,19,zoom_camera_off,zoom_camera_off_19.csv,4.993492851289846,149.31396484375728,29.904000000000003,4465.084804687718,150
results\zoom_camera_off_2.csv,zoom,off,,,2,zoom_camera_off,zoom_camera_off_2.csv,4.9721201036130465,147.67396545410156,29.723999999999997,4389.460949157714,149
results\zoom_camera_off_20.csv,zoom,off,,,20,zoom_camera_off,zoom_camera_off_20.csv,5.634443794024401,168.1824188232349,29.878,5024.954309600613,150
results\zoom_camera_off_21.csv,zoom,off,,,21,zoom_camera_off,zoom_camera_off_21.csv,5.0608031736624195,151.15243530273438,29.874000000000002,4515.527852233887,150
results\zoom_camera_off_22.csv,zoom,off,,,22,zoom_camera_off,zoom_camera_off_22.csv,5.966315133308715,177.1990814209057,29.701,5262.989917282321,149
results\zoom_camera_off_23.csv,zoom,off,,,23,zoom_camera_off,zoom_camera_off_23.csv,5.126187047866553,152.23275756836665,29.703,4521.769598053194,149
results\zoom_camera_off_24.csv,zoom,off,,,24,zoom_camera_off,zoom_camera_off_24.csv,6.2220264559165726,184.84588623046875,29.704,5490.662204589844,149
results\zoom_camera_off_25.csv,zoom,off,,,25,zoom_camera_off,zoom_camera_off_25.csv,5.7056965293423065,169.4229583740307,29.695,5031.014748916842,149
results\zoom_camera_off_26.csv,zoom,off,,,26,zoom_camera_off,zoom_camera_off_26.csv,5.043786932128225,150.80662536620366,29.902,4509.419711700222,150
results\zoom_camera_off_27.csv,zoom,off,,,27,zoom_camera_off,zoom_camera_off_27.csv,6.058265673600497,178.74951171875,29.502000000000002,5273.468094726563,148
results\zoom_camera_off_28.csv,zoom,off,,,28,zoom_camera_off,zoom_camera_off_28.csv,4.9861611639016195,146.98080444335938,29.497,4335.4927886657715,148
results\zoom_camera_off_29.csv,zoom,off,,,29,zoom_camera_off,zoom_camera_off_29.csv,5.7937864857142145,172.1609649658276,29.719,5116.45171781943,149
results\zoom_camera_off_3.csv,zoom,off,,,3,zoom_camera_off,zoom_camera_off_3.csv,6.016149315993736,178.73863220214844,29.712000000000003,5310.682239990235,149
results\zoom_camera_off_30.csv,zoom,off,,,30,zoom_camera_off,zoom_camera_off_30.csv,4.900638658228152,144.37835693359375,29.471000000000004,4254.974557189942,148
results\zoom_camera_off_4.csv,zoom,off,,,4,zoom_camera_off,zoom_camera_off_4.csv,4.919462032827647,145.87266540527344,29.662,4326.875001251221,149
results\zoom_camera_off_5.csv,zoom,off,,,5,zoom_camera_off,zoom_camera_off_5.csv,5.374452211455184,160.61399841308958,29.884999999999998,4799.949342575182,150
results\zoom_camera_off_6.csv,zoom,off,,,6,zoom_camera_off,zoom_camera_off_6.csv,6.319090196833433,188.60493469238463,29.871000000000002,5633.818004196221,150
results\zoom_camera_off_7.csv,zoom,off,,,7,zoom_camera_off,zoom_camera_off_7.csv,5.485531791282268,162.99856567382812,29.716,4843.665377563477,149
results\zoom_camera_off_8.csv,zoom,off,,,8,zoom_camera_off,zoom_camera_off_8.csv,5.0098310290539185,147.76296997070312,29.498,4358.712088195801,148
results\zoom_camera_off_9.csv,zoom,off,,,9,zoom_camera_off,zoom_camera_off_9.csv,5.592877565316823,163.91590881347656,29.309,4804.211371414185,147
results\zoom_camera_on_1.csv,zoom,on,,,1,zoom_camera_on,zoom_camera_on_1.csv,6.174232022392648,184.25697326660156,29.89,5507.440930938721,150
results\zoom_camera_on_10.csv,zoom,on,,,10,zoom_camera_on,zoom_camera_on_10.csv,6.192723929849532,186.32218933105105,30.102,5608.670543243299,151
results\zoom_camera_on_11.csv,zoom,on,,,11,zoom_camera_on,zoom_camera_on_11.csv,5.770876851304309,169.05056762695312,29.300000000000004,4953.181631469727,147
results\zoom_camera_on_12.csv,zoom,on,,,12,zoom_camera_on,zoom_camera_on_12.csv,5.742670552994864,171.7169647216797,29.905,5135.195830001831,150
results\zoom_camera_on_13.csv,zoom,on,,,13,zoom_camera_on,zoom_camera_on_13.csv,6.23066326499679,182.40164184570676,29.288,5342.17928637706,147
results\zoom_camera_on_14.csv,zoom,on,,,14,zoom_camera_on,zoom_camera_on_14.csv,6.176117587448962,184.71908569335938,29.912,5525.317291259766,150
results\zoom_camera_on_15.csv,zoom,on,,,15,zoom_camera_on,zoom_camera_on_15.csv,6.710475284472696,202.01377868652344,30.105,6081.624807357788,151
results\zoom_camera_on_16.csv,zoom,on,,,16,zoom_camera_on,zoom_camera_on_16.csv,6.406411654679953,186.40872192382812,29.1,5424.493807983398,146
results\zoom_camera_on_17.csv,zoom,on,,,17,zoom_camera_on,zoom_camera_on_17.csv,5.746797276535945,170.57728576660156,29.689,5064.2690371246335,149
results\zoom_camera_on_18.csv,zoom,on,,,18,zoom_camera_on,zoom_camera_on_18.csv,5.761182468381727,167.69735717773438,29.113,4882.173159515381,146
results\zoom_camera_on_19.csv,zoom,on,,,19,zoom_camera_on,zoom_camera_on_19.csv,6.207856711201061,184.3443298339771,29.696,5474.289218749785,149
results\zoom_camera_on_2.csv,zoom,on,,,2,zoom_camera_on,zoom_camera_on_2.csv,6.2115896792231275,180.60733032226562,29.084000000000003,5252.783595092774,146
results\zoom_camera_on_20.csv,zoom,on,,,20,zoom_camera_on,zoom_camera_on_20.csv,6.2076283392555744,186.85496520996094,30.1,5624.334452819824,151
results\zoom_camera_on_21.csv,zoom,on,,,21,zoom_camera_on,zoom_camera_on_21.csv,6.208087906179745,185.5987243652271,29.903,5549.958654693386,150
results\zoom_camera_on_22.csv,zoom,on,,,22,zoom_camera_on,zoom_camera_on_22.csv,5.774768121178928,169.2665710449146,29.314999999999998,4962.049530181671,147
results\zoom_camera_on_23.csv,zoom,on,,,23,zoom_camera_on,zoom_camera_on_23.csv,6.197632803486069,185.39756774902344,29.915,5546.168239212036,150
results\zoom_camera_on_24.csv,zoom,on,,,24,zoom_camera_on,zoom_camera_on_24.csv,5.841106941234354,171.2225341796875,29.316000000000003,5019.559812011719,147
results\zoom_camera_on_25.csv,zoom,on,,,25,zoom_camera_on,zoom_camera_on_25.csv,5.766526035328009,167.89608764648438,29.118000000000002,4888.798280090333,146
results\zoom_camera_on_26.csv,zoom,on,,,26,zoom_camera_on,zoom_camera_on_26.csv,6.22209681580326,181.10928344725835,29.107,5271.547913299349,146
results\zoom_camera_on_27.csv,zoom,on,,,27,zoom_camera_on,zoom_camera_on_27.csv,6.646374526048728,194.77540588378906,29.305,5707.893269424439,147
results\zoom_camera_on_28.csv,zoom,on,,,28,zoom_camera_on,zoom_camera_on_28.csv,6.154892234023149,180.33990478515625,29.304000000000002,5284.680569824219,147
results\zoom_camera_on_29.csv,zoom,on,,,29,zoom_camera_on,zoom_camera_on_29.csv,5.768250726169216,167.7774200439453,29.092000000000002,4880.980703918457,146
results\zoom_camera_on_3.csv,zoom,on,,,3,zoom_camera_on,zoom_camera_on_3.csv,5.8291626619156505,175.37002563476562,30.087,5276.357961273194,151
results\zoom_camera_on_30.csv,zoom,on,,,30,zoom_camera_on,zoom_camera_on_30.csv,6.1723837951517195,180.74069213867188,29.285000000000004,5292.9911692810065,147
results\zoom_camera_on_4.csv,zoom,on,,,4,zoom_camera_on,zoom_camera_on_4.csv,6.227568144735064,182.37420654297057,29.288000000000004,5341.375761230523,147
results\zoom_camera_on_5.csv,zoom,on,,,5,zoom_camera_on,zoom_camera_on_5.csv,6.587078995696348,198.19270324707213,30.1,5965.600367736872,151
results\zoom_camera_on_6.csv,zoom,on,,,6,zoom_camera_on,zoom_camera_on_6.csv,5.641224663174396,167.39317321777344,29.682000000000002,4968.564167449951,149
results\zoom_camera_on_7.csv,zoom,on,,,7,zoom_camera_on,zoom_camera_on_7.csv,5.7675618279158325,167.90957641601562,29.113000000000003,4888.351498199463,146
results\zoom_camera_on_8.csv,zoom,on,,,8,zoom_camera_on,zoom_camera_on_8.csv,6.725425763445625,202.35760498046875,30.093999999999998,6089.749764282226,151
results\zoom_camera_on_9.csv,zoom,on,,,9,zoom_camera_on,zoom_camera_on_9.csv,6.17276349610865,180.80201721191406,29.290000000000003,5295.691084136964,147
results\zoom_noblur_1.csv,zoom,,off,,1,zoom_noblur,zoom_noblur_1.csv,6.125974769405667,184.3800048828125,30.097,5549.285006958008,151
results\zoom_noblur_10.csv,zoom,,off,,10,zoom_noblur,zoom_noblur_10.csv,6.588597290959195,197.02073669433594,29.911,5893.087255264282,150
results\zoom_noblur_11.csv,zoom,,off,,11,zoom_noblur,zoom_noblur_11.csv,5.716286551699327,169.62887573242188,29.676,5033.906516235351,149
results\zoom_noblur_12.csv,zoom,,off,,12,zoom_noblur,zoom_noblur_12.csv,6.6283668544525725,199.59591674804688,30.116,6011.0306287841795,151
results\zoom_noblur_13.csv,zoom,,off,,13,zoom_noblur,zoom_noblur_13.csv,7.385565878744569,219.3208618164026,29.704,6514.706879394424,149
results\zoom_noblur_14.csv,zoom,,off,,14,zoom_noblur,zoom_noblur_14.csv,6.282215320984824,188.9699554443323,30.086,5685.350079498181,151
results\zoom_noblur_15.csv,zoom,,off,,15,zoom_noblur,zoom_noblur_15.csv,5.655362570421111,125.55821228027344,29.284000000000002,3676.8466884155278,148
results\zoom_noblur_16.csv,zoom,,off,,16,zoom_noblur,zoom_noblur_16.csv,4.322662969593518,128.99557495117188,29.852,3850.775903442383,150
results\zoom_noblur_17.csv,zoom,,off,,17,zoom_noblur,zoom_noblur_17.csv,4.17092793455152,124.63273620605469,29.889,3725.1478524627687,150
results\zoom_noblur_18.csv,zoom,,off,,18,zoom_noblur,zoom_noblur_18.csv,4.62549602060176,138.1431427001953,29.868000000000002,4126.059386169434,150
results\zoom_noblur_19.csv,zoom,,off,,19,zoom_noblur,zoom_noblur_19.csv,4.169921781541433,124.668212890625,29.9,3727.579565429687,150
results\zoom_noblur_2.csv,zoom,,off,,2,zoom_noblur,zoom_noblur_2.csv,-2204.4357757081766,-65363.740631103516,29.662,-1938819.2745997924,149
results\zoom_noblur_20.csv,zoom,,off,,20,zoom_noblur,zoom_noblur_20.csv,4.602931759317839,136.5595245361328,29.677,4052.6770096588134,149
results\zoom_noblur_21.csv,zoom,,off,,21,zoom_noblur,zoom_noblur_21.csv,9.758537634547698,126.44146728516353,29.858999999999998,3775.4157716676973,151
results\zoom_noblur_22.csv,zoom,,off,,22,zoom_noblur,zoom_noblur_22.csv,4.284073238999125,126.14991760253906,29.453000000000003,3715.4935231475833,148
results\zoom_noblur_23.csv,zoom,,off,,23,zoom_noblur,zoom_noblur_23.csv,4.274758570598955,124.20634460448491,29.065000000000005,3610.0574059293544,146
results\zoom_noblur_24.csv,zoom,,off,,24,zoom_noblur,zoom_noblur_24.csv,10.07554968468531,129.16767883300054,30.073,3884.459605544825,152
results\zoom_noblur_25.csv,zoom,,off,,25,zoom_noblur,zoom_noblur_25.csv,4.16662665905123,125.27203369140625,30.07,3766.930053100586,151
results\zoom_noblur_26.csv,zoom,,off,,26,zoom_noblur,zoom_noblur_26.csv,4.270555775529351,124.99569702148438,29.276000000000003,3659.3740260009768,147
results\zoom_noblur_27.csv,zoom,,off,,27,zoom_noblur,zoom_noblur_27.csv,9.751952302748307,129.31967163085938,30.083000000000002,3890.323681671143,152
results\zoom_noblur_28.csv,zoom,,off,,28,zoom_noblur,zoom_noblur_28.csv,4.271492438174787,125.8116149902271,29.488000000000003,3709.932902831817,148
results\zoom_noblur_29.csv,zoom,,off,,29,zoom_noblur,zoom_noblur_29.csv,4.1938929054302205,121.92498779296875,29.105000000000004,3548.6267697143558,146
results\zoom_noblur_3.csv,zoom,,off,,3,zoom_noblur,zoom_noblur_3.csv,5.786938047791335,171.6807861328125,29.673000000000002,5094.283966918945,149
results\zoom_noblur_30.csv,zoom,,off,,30,zoom_noblur,zoom_noblur_30.csv,4.2768136235442435,128.48175048827397,30.076000000000004,3864.2171276853287,151
results\zoom_noblur_4.csv,zoom,,off,,4,zoom_noblur,zoom_noblur_4.csv,6.2462421447281224,187.99172973632812,30.099,5658.36307333374,151
results\zoom_noblur_5.csv,zoom,,off,,5,zoom_noblur,zoom_noblur_5.csv,6.326557715334422,189.20436096191588,29.909999999999997,5659.102436370903,150
results\zoom_noblur_6.csv,zoom,,off,,6,zoom_noblur,zoom_noblur_6.csv,5.870981739753396,175.60601806640625,29.915,5253.254030456543,150
results\zoom_noblur_7.csv,zoom,,off,,7,zoom_noblur,zoom_noblur_7.csv,7.02250877013001,208.55491638183594,29.698,6193.663906707764,149
results\zoom_noblur_8.csv,zoom,,off,,8,zoom_noblur,zoom_noblur_8.csv,6.250059248691437,184.4317169189453,29.508000000000003,5442.211102844239,148
results\zoom_noblur_9.csv,zoom,,off,,9,zoom_noblur,zoom_noblur_9.csv,5.860049696324302,170.4926910400427,29.099,4961.166816574202,146
results\zoom_noshare_1.csv,zoom,,,off,1,zoom_noshare,zoom_noshare_1.csv,6.27439808978256,83.37832641601562,29.304000000000002,2443.318477294922,148
results\zoom_noshare_10.csv,zoom,,,off,10,zoom_noshare,zoom_noshare_10.csv,5.6281979001355,168.0680694580078,29.909000000000006,5026.7478894195565,150
results\zoom_noshare_11.csv,zoom,,,off,11,zoom_noshare,zoom_noshare_11.csv,5.74848634032378,169.70436096191406,29.529000000000003,5011.200074844361,148
results\zoom_noshare_12.csv,zoom,,,off,12,zoom_noshare,zoom_noshare_12.csv,5.433772009059653,160.20518493652344,29.499000000000002,4725.8927504425055,148
results\zoom_noshare_13.csv,zoom,,,off,13,zoom_noshare,zoom_noshare_13.csv,5.087646278602961,149.0237274169922,29.298000000000002,4366.097165863037,147
results\zoom_noshare_14.csv,zoom,,,off,14,zoom_noshare,zoom_noshare_14.csv,5.31315804946681,155.55783081054688,29.284,4555.355517456054,147
results\zoom_noshare_15.csv,zoom,,,off,15,zoom_noshare,zoom_noshare_15.csv,6.956190319008738,209.2425994873047,30.11,6300.294670562744,151
results\zoom_noshare_16.csv,zoom,,,off,16,zoom_noshare,zoom_noshare_16.csv,6.369098953734361,187.63156127929688,29.487000000000002,5532.6918474426275,148
results\zoom_noshare_17.csv,zoom,,,off,17,zoom_noshare,zoom_noshare_17.csv,5.415118113782483,162.8192596435547,30.106,4901.836630828858,151
results\zoom_noshare_18.csv,zoom,,,off,18,zoom_noshare,zoom_noshare_18.csv,5.930124018000191,177.10800170898347,29.903,5296.060575103732,150
results\zoom_noshare_19.csv,zoom,,,off,19,zoom_noshare,zoom_noshare_19.csv,4.945697087766525,146.81915283203125,29.708000000000002,4361.703392333985,149
results\zoom_noshare_2.csv,zoom,,,off,2,zoom_noshare,zoom_noshare_2.csv,3.005431589842289,89.94485473632812,29.932000000000002,2692.2293919677736,150
results\zoom_noshare_20.csv,zoom,,,off,20,zoom_noshare,zoom_noshare_20.csv,5.47645490197773,163.42446899414062,29.882,4883.44998248291,150
results\zoom_noshare_21.csv,zoom,,,off,21,zoom_noshare,zoom_noshare_21.csv,5.968927308353686,177.18336486816406,29.72,5265.889603881836,149
results\zoom_noshare_22.csv,zoom,,,off,22,zoom_noshare,zoom_noshare_22.csv,6.178542293005254,180.7400970458948,29.294000000000004,5294.600402862443,147
results\zoom_noshare_23.csv,zoom,,,off,23,zoom_noshare,zoom_noshare_23.csv,2.547904744503147,75.55865478515625,29.688000000000002,2243.185343261719,149
results\zoom_noshare_24.csv,zoom,,,off,24,zoom_noshare,zoom_noshare_24.csv,3.382000794096843,100.92239379882812,29.878999999999998,3015.4602043151854,150
results\zoom_noshare_25.csv,zoom,,,off,25,zoom_noshare,zoom_noshare_25.csv,7.043463234464595,81.69859313965026,29.663000000000004,2423.425368301446,150
results\zoom_noshare_26.csv,zoom,,,off,26,zoom_noshare,zoom_noshare_26.csv,6.013297737219506,75.38380432129088,29.363000000000007,2213.494646286065,148
results\zoom_noshare_27.csv,zoom,,,off,27,zoom_noshare,zoom_noshare_27.csv,3.6168976379457116,107.11167907714844,29.665000000000003,3177.467959823609,149
results\zoom_noshare_28.csv,zoom,,,off,28,zoom_noshare,zoom_noshare_28.csv,2.878175492652074,84.6755218505823,29.47,2495.3876289366603,148
results\zoom_noshare_29.csv,zoom,,,off,29,zoom_noshare,zoom_noshare_29.csv,2.5553726586455197,76.24493408202761,29.875,2277.817405700575,150
results\zoom_noshare_3.csv,zoom,,,off,3,zoom_noshare,zoom_noshare_3.csv,6.203459965911,77.90357971191406,29.305,2282.9644034576418,148
results\zoom_noshare_30.csv,zoom,,,off,30,zoom_noshare,zoom_noshare_30.csv,5.906814771976214,73.9217529296875,29.695,2195.1064532470705,150
results\zoom_noshare_4.csv,zoom,,,off,4,zoom_noshare,zoom_noshare_4.csv,5.831474330829031,73.13044738768804,29.894,2186.161594207546,151
results\zoom_noshare_5.csv,zoom,,,off,5,zoom_noshare,zoom_noshare_5.csv,6.813344543515153,91.274658203125,29.939999999999998,2732.7632666015625,151
results\zoom_noshare_6.csv,zoom,,,off,6,zoom_noshare,zoom_noshare_6.csv,2.8611668105183377,84.87498474121094,29.703000000000003,2521.0416717681887,149
results\zoom_noshare_7.csv,zoom,,,off,7,zoom_noshare,zoom_noshare_7.csv,5.601240478412281,73.22749328614009,29.518,2161.529146820283,149
results\zoom_noshare_8.csv,zoom,,,off,8,zoom_noshare,zoom_noshare_8.csv,2.5314281761615676,76.07333374024165,30.089999999999996,2289.046612243871,151
results\zoom_noshare_9.csv,zoom,,,off,9,zoom_noshare,zoom_noshare_9.csv,3.041500848967671,91.52589416503906,30.11,2755.844673309326,151
results\zoom_share_1.csv,zoom,,,on,1,zoom_share,zoom_share_1.csv,3.4370651743261478,100.68115234376455,29.298000000000002,2949.756401367614,147
results\zoom_share_10.csv,zoom,,,on,10,zoom_share,zoom_share_10.csv,5.800172843674515,172.12481689453125,29.71,5113.8283099365235,149
results\zoom_share_11.csv,zoom,,,on,11,zoom_share,zoom_share_11.csv,5.356722449605934,159.8729705810547,29.891,4778.762963638305,150
results\zoom_share_12.csv,zoom,,,on,12,zoom_share,zoom_share_12.csv,6.469775326574916,192.02557373046875,29.71,5705.079795532227,149
results\zoom_share_13.csv,zoom,,,on,13,zoom_share,zoom_share_13.csv,6.049744324325946,180.69012451171875,29.887,5400.285751281738,150
results\zoom_share_14.csv,zoom,,,on,14,zoom_share,zoom_share_14.csv,13.394660907813787,164.53802490234375,29.914,4921.990476928711,151
results\zoom_share_15.csv,zoom,,,on,15,zoom_share,zoom_share_15.csv,6.0600789529499455,181.21774291992188,29.908,5419.860255249024,150
results\zoom_share_16.csv,zoom,,,on,16,zoom_share,zoom_share_16.csv,6.302834500260104,188.52194213867188,29.918,5640.199464904785,150
results\zoom_share_17.csv,zoom,,,on,17,zoom_share,zoom_share_17.csv,5.356306475033807,159.91529846191406,29.895000000000003,4780.667847518921,150
results\zoom_share_18.csv,zoom,,,on,18,zoom_share,zoom_share_18.csv,5.304305943372461,158.65492248535156,29.913,4745.844696304322,150
results\zoom_share_19.csv,zoom,,,on,19,zoom_share,zoom_share_19.csv,5.388557999078043,160.7985076904297,29.9,4807.875379943847,150
results\zoom_share_2.csv,zoom,,,on,2,zoom_share,zoom_share_2.csv,3.1126196261707357,91.80859375,29.501,2708.44532421875,148
results\zoom_share_20.csv,zoom,,,on,20,zoom_share,zoom_share_20.csv,6.266582850085262,187.1609344482422,29.901000000000003,5596.299100936891,150
results\zoom_share_21.csv,zoom,,,on,21,zoom_share,zoom_share_21.csv,5.4120067786942005,161.7241668701172,29.892,4834.258796081543,150
results\zoom_share_22.csv,zoom,,,on,22,zoom_share,zoom_share_22.csv,5.970835541312959,178.1660919189453,29.888,5325.028155273438,150
results\zoom_share_23.csv,zoom,,,on,23,zoom_share,zoom_share_23.csv,2.6557107812201433,77.65310668945494,29.290000000000006,2274.459494934136,147
results\zoom_share_24.csv,zoom,,,on,24,zoom_share,zoom_share_24.csv,3.69706754690443,108.78547668457031,29.467000000000002,3205.5816414642336,148
results\zoom_share_25.csv,zoom,,,on,25,zoom_share,zoom_share_25.csv,3.106387471531639,90.88847351074219,29.296,2662.668719970703,147
results\zoom_share_26.csv,zoom,,,on,26,zoom_share,zoom_share_26.csv,2.6045029558273614,76.12617492675781,29.276000000000003,2228.669897155762,147
results\zoom_share_27.csv,zoom,,,on,27,zoom_share,zoom_share_27.csv,3.6547459139408356,106.0823974609375,29.066000000000003,3083.3909645996096,146
results\zoom_share_28.csv,zoom,,,on,28,zoom_share,zoom_share_28.csv,7.507714998976244,94.57588195800417,29.28,2769.1818237303623,148
results\zoom_share_29.csv,zoom,,,on,29,zoom_share,zoom_share_29.csv,2.6914052710039766,78.677490234375,29.284000000000002,2303.991624023438,147
results\zoom_share_3.csv,zoom,,,on,3,zoom_share,zoom_share_3.csv,2.729442349698303,80.34477233886719,29.482000000000003,2368.7245780944827,148
results\zoom_share_30.csv,zoom,,,on,30,zoom_share,zoom_share_30.csv,6.22465106124253,76.33937072753906,29.266000000000005,2234.1480237121586,148
results\zoom_share_4.csv,zoom,,,on,4,zoom_share,zoom_share_4.csv,2.578822198959089,75.41647338867188,29.281000000000002,2208.2697572937013,147
results\zoom_share_5.csv,zoom,,,on,5,zoom_share,zoom_share_5.csv,8.091243387895247,103.27789306640625,29.271,3023.0472079467772,148
results\zoom_share_6.csv,zoom,,,on,6,zoom_share,zoom_share_6.csv,3.4223178137631827,100.09237670898438,29.285000000000004,2931.2052519226077,147
results\zoom_share_7.csv,zoom,,,on,7,zoom_share,zoom_share_7.csv,2.6823841363895538,78.468505859375,29.295,2298.734879150391,147
results\zoom_share_8.csv,zoom,,,on,8,zoom_share,zoom_share_8.csv,2.7022649479418313,79.0692138671875,29.274,2314.672166748047,147
results\zoom_share_9.csv,zoom,,,on,9,zoom_share,zoom_share_9.csv,3.188041316687733,93.19477844238281,29.269000000000005,2727.717970230103,147
