Delta,Time,CORE0_ENERGY (J),CORE0_FREQ (MHZ),CORE0_PSTATE,CORE0_VOLT (V),CPU_ENERGY (J),CPU_FREQUENCY_0,CPU_FREQUENCY_1,CPU_FREQUENCY_10,CPU_FREQUENCY_11,CPU_FREQUENCY_12,CPU_FREQUENCY_13,CPU_FREQUENCY_14,CPU_FREQUENCY_15,CPU_FREQUENCY_2,CPU_FREQUENCY_3,CPU_FREQUENCY_4,CPU_FREQUENCY_5,CPU_FREQUENCY_6,CPU_FREQUENCY_7,CPU_FREQUENCY_8,CPU_FREQUENCY_9,CPU_USAGE_0,CPU_USAGE_1,CPU_USAGE_10,CPU_USAGE_11,CPU_USAGE_12,CPU_USAGE_13,CPU_USAGE_14,CPU_USAGE_15,CPU_USAGE_2,CPU_USAGE_3,CPU_USAGE_4,CPU_USAGE_5,CPU_USAGE_6,CPU_USAGE_7,CPU_USAGE_8,CPU_USAGE_9,TOTAL_MEMORY,TOTAL_SWAP,USED_MEMORY,USED_SWAP
0,1771997850421,2572.8351440429688,4500,0,1.325,38312.0450592041,2000,2000,2000,2000,2000,2000,2000,2000,2000,2000,2000,2000,2000,2000,2000,2000,73.95541381835938,37.258323669433594,4.584922790527344,0,0,10.491195678710938,2.4305648803710938,0,0,90.18494415283203,27.76366424560547,37.024105072021484,0,0,0,0,16486756352,6710886400,8264081408,0
200,1771997850421,769.2830047607422,3600,0,1.00625,38312.08413696289,2000,2000,2000,2000,2000,2000,2000,2000,2000,2000,2000,2000,2000,2000,2000,2000,91.86674499511719,86.41456604003906,72.98919677734375,0,0,0,0,100,12.825126647949219,0,55.972389221191406,95.17807006835938,4.1016387939453125,0.420166015625,0,0,16486756352,6710886400,8264101888,0
199,1771997850622,5281.4244384765625,3000,0,0.85625,38313.26818847656,2000,2000,2000,2000,2000,2000,2000,2000,2000,2000,2000,2000,2000,2000,2000,2000,9.1260986328125,2.5798492431640625,0.10655975341796875,0.3083343505859375,4.489738464355469,3.60595703125,8.922927856445313,7.979103088378906,10.772567749023438,6.847633361816406,2.589691162109375,2.1046676635742188,2.0196914672851563,0.715179443359375,0,0.23834228515625,16486756352,6710886400,8264040448,0
199,1771997850822,548.8663482666016,1600,2,0.63125,38314.29702758789,2000,2000,2000,2000,2000,2000,2000,2000,2000,2000,2000,2000,2000,2000,2000,2000,10.588188171386719,2.9486312866210938,0.553680419921875,1.8543624877929688,1.2840957641601563,5.602813720703125,5.7838897705078125,7.96923828125,5.022697448730469,8.399299621582031,3.9704513549804688,0.57476806640625,3.6212310791015625,1.2432708740234375,1.606475830078125,1.3551483154296875,16486756352,6710886400,8265555968,0
200,1771997851022,5281.649444580078,2000,1,0.675,38315.768127441406,2000,2000,2000,2000,2000,2000,2000,2000,2000,2000,2000,2000,2000,2000,2000,2000,6.154335021972656,4.105171203613281,0.5557861328125,0.1869964599609375,3.4011611938476563,5.3888397216796875,10.813743591308594,4.913543701171875,10.032333374023438,6.2152099609375,3.5211181640625,19.09662628173828,2.1817245483398438,0.6290740966796875,0.2861480712890625,0.1049041748046875,16486756352,6710886400,8264237056,0
200,1771997851223,5281.732620239258,3750,0,1.0437500000000002,38316.753997802734,2000,2000,2000,2000,2000,2000,2000,2000,2000,2000,2000,2000,2000,2000,2000,2000,10.034095764160156,3.2450637817382813,1.345245361328125,0.96270751953125,4.331207275390625,4.186363220214844,8.000442504882813,7.382537841796875,5.572486877441406,8.729927062988281,3.37457275390625,0.790924072265625,1.98321533203125,1.3091506958007813,1.1988601684570313,0.8461456298828125,16486756352,6710886400,8263622656,0
200,1771997851423,769.354736328125,3750,0,1.0437500000000002,38317.69813537598,2000,2000,2000,2000,2000,2000,2000,2000,2000,2000,2000,2000,2000,2000,2000,2000,6.590782165527344,3.2545166015625,0.0148468017578125,0.1970977783203125,3.3037643432617188,3.5780181884765625,5.874229431152344,6.8154296875,4.9003753662109375,7.81683349609375,3.3904190063476563,2.245361328125,0.41484832763671875,0.9417572021484375,0,0,16486756352,6710886400,8261738496,0
200,1771997851624,3698.6356506347656,4475,0,1.35625,38318.82797241211,2000,2000,2000,2000,2000,2000,2000,2000,2000,2000,2000,2000,2000,2000,2000,2000,10.399520874023438,2.2648162841796875,0.4016265869140625,0.20880889892578125,2.3707733154296875,3.8979339599609375,7.883674621582031,5.815284729003906,3.365631103515625,8.432327270507813,3.4213409423828125,11.592453002929688,0.7376556396484375,0.8849868774414063,0.3286590576171875,0.2045440673828125,16486756352,6710886400,8261734400,0
199,1771997851824,5282.102066040039,3750,1,0.6625,38321.84996032715,2000,2000,2000,2000,2000,2000,2000,2000,2000,2000,2000,2000,2000,2000,2000,2000,11.290809631347656,3.1622238159179688,0.5786285400390625,0.7058563232421875,2.380523681640625,4.113014221191406,7.709419250488281,6.6862335205078125,4.017616271972656,11.420738220214844,31.41905975341797,38.55548858642578,1.6098480224609375,2.1569442749023438,4.808845520019531,2.8666458129882813,16486756352,6710886400,8266235904,0
199,1771997852024,2573.682357788086,4425,0,1.2875,38324.46405029297,2000,2000,2000,2000,2000,2000,2000,2000,2000,2000,2000,2000,2000,2000,2000,2000,10.875846862792969,3.2666244506835938,3.2889251708984375,0.8343658447265625,2.4099578857421875,4.834190368652344,6.625244140625,6.767669677734375,5.2805328369140625,10.315361022949219,30.006561279296875,35.73393249511719,1.5413665771484375,2.3342819213867188,4.554817199707031,2.9788284301757813,16486756352,6710886400,8269017088,0
200,1771997852225,3701.9271545410156,4400,0,1.31875,38328.0361328125,2000,2000,2000,2000,2000,2000,2000,2000,2000,2000,2000,2000,2000,2000,2000,2000,11.862945556640625,2.0167160034179688,1.9588394165039063,3.2862319946289063,4.266792297363281,3.6355514526367188,8.9647216796875,6.517219543457031,7.6776123046875,6.3989715576171875,41.25440979003906,55.26323699951172,4.847686767578125,4.3829498291015625,1.5363311767578125,2.5304031372070313,16486756352,6710886400,8275714048,0
199,1771997852425,3703.4644927978516,4375,0,1.31875,38331.8186340332,2000,2000,2000,2000,2000,2000,2000,2000,2000,2000,2000,2000,2000,2000,2000,2000,9.65081787109375,3.0423202514648438,1.703094482421875,1.0432052612304688,4.137825012207031,3.9653854370117188,4.7844085693359375,12.791877746582031,2.5286712646484375,10.585929870605469,76.42930603027344,26.577369689941406,0.7110824584960938,0.643890380859375,0.42786407470703125,0.8508224487304688,16486756352,6710886400,8287776768,0
199,1771997852625,4154.842132568359,4350,0,1.24375,38335.39047241211,2000,2000,2000,2000,2000,2000,2000,2000,2000,2000,2000,2000,2000,2000,2000,2000,10.796798706054688,3.0391845703125,2.524322509765625,2.3610610961914063,4.05645751953125,3.04827880859375,8.312110900878906,7.295387268066406,1.868194580078125,8.665321350097656,46.295196533203125,54.42176055908203,0.6271286010742188,1.4909515380859375,0.939697265625,0.6469268798828125,16486756352,6710886400,8300773376,0
200,1771997852825,682.7834014892578,4100,0,1.175,38339.21253967285,2000,2000,2000,2000,2000,2000,2000,2000,2000,2000,2000,2000,2000,2000,2000,2000,11.166458129882813,3.8864822387695313,6.946037292480469,2.8047714233398438,2.47637939453125,3.97113037109375,6.5718231201171875,8.412109375,3.3464279174804688,12.998695373535156,42.54148483276367,87.63225555419922,2.39617919921875,4.312812805175781,3.3148956298828125,2.433502197265625,16486756352,6710886400,8347320320,0
200,1771997853026,2574.9388427734375,4350,0,1.30625,38343.15620422363,2000,2000,2000,2000,2000,2000,2000,2000,2000,2000,2000,2000,2000,2000,2000,2000,14.818206787109375,13.297325134277344,2.35498046875,1.652313232421875,3.2890548706054688,3.4829788208007813,6.886436462402344,6.062278747558594,3.9159927368164063,8.937126159667969,72.02073669433594,92.2757797241211,5.593116760253906,11.428077697753906,7.316261291503906,3.872222900390625,16486756352,6710886400,8370655232,0
200,1771997853226,5283.379730224609,3340,0,0.9375,38346.97424316406,2000,2000,2000,2000,2000,2000,2000,2000,2000,2000,2000,2000,2000,2000,2000,2000,24.24346923828125,4.411102294921875,4.474388122558594,10.461143493652344,4.116172790527344,2.92462158203125,4.603302001953125,9.365913391113281,4.860382080078125,7.632545471191406,92.17823791503906,74.30377960205078,4.120689392089844,4.100624084472656,3.2809066772460938,5.9563446044921875,16486756352,6710886400,8394043392,0
200,1771997853427,5283.618667602539,4350,0,1.2625,38350.972915649414,2000,2000,2000,2000,2000,2000,2000,2000,2000,2000,2000,2000,2000,2000,2000,2000,9.016265869140625,3.6488265991210938,6.504890441894531,4.387245178222656,4.628875732421875,13.957550048828125,4.4298858642578125,9.587272644042969,6.1681671142578125,10.317924499511719,53.411399841308594,68.56900787353516,4.4735260009765625,2.7195816040039063,3.978546142578125,0.9936141967773438,16486756352,6710886400,8360767488,0
200,1771997853627,4155.74983215332,3620.0000000000005,0,1.00625,38353.65907287598,2000,2000,2000,2000,2000,2000,2000,2000,2000,2000,2000,2000,2000,2000,2000,2000,10.695274353027344,3.2315826416015625,1.0782241821289063,0.5428695678710938,4.1966400146484375,3.398406982421875,6.323143005371094,13.464614868164063,3.208251953125,16.42516326904297,13.84368896484375,48.78822708129883,1.190582275390625,2.1088943481445313,2.2874069213867188,0.9208450317382813,16486756352,6710886400,8363008000,0
200,1771997853828,549.5880737304688,4375,0,1.2875,38357.310943603516,2000,2000,2000,2000,2000,2000,2000,2000,2000,2000,2000,2000,2000,2000,2000,2000,10.183036804199219,3.2972030639648438,0.136383056640625,1.1570816040039063,3.9094009399414063,2.90185546875,8.7734375,10.504661560058594,4.8824920654296875,9.075164794921875,72.01016998291016,30.67413330078125,1.5281753540039063,2.1267166137695313,1.8673553466796875,0.9227752685546875,16486756352,6710886400,8357629952,0
199,1771997854028,2576.0593872070313,3000,0,0.85625,38358.57264709473,2000,2000,2000,2000,2000,2000,2000,2000,2000,2000,2000,2000,2000,2000,2000,2000,9.154380798339844,3.9468765258789063,0.40366363525390625,0.8702621459960938,3.3233413696289063,3.490203857421875,6.051200866699219,7.519134521484375,4.922462463378906,9.811790466308594,4.298133850097656,5.797706604003906,0.9683074951171875,2.0121002197265625,1.1462249755859375,1.4288711547851563,16486756352,6710886400,8347439104,0
200,1771997854228,5284.303985595703,3000,0,0.85625,38359.674713134766,2000,2000,2000,2000,2000,2000,2000,2000,2000,2000,2000,2000,2000,2000,2000,2000,9.501899719238281,2.8272781372070313,1.6721878051757813,1.036712646484375,4.4596405029296875,5.139640808105469,6.0834197998046875,7.5420989990234375,6.208381652832031,9.638511657714844,6.141624450683594,3.635589599609375,1.8276901245117188,2.3534393310546875,0.4679412841796875,0.39888763427734375,16486756352,6710886400,8347107328,0
200,1771997854429,2576.2921752929688,3540,0,0.9875,38361.95606994629,2000,2000,2000,2000,2000,2000,2000,2000,2000,2000,2000,2000,2000,2000,2000,2000,11.518714904785156,4.046623229980469,1.0809783935546875,1.9370498657226563,2.6060028076171875,4.427879333496094,8.500541687011719,10.662948608398438,8.726394653320313,9.673835754394531,39.2131233215332,9.684539794921875,1.2380218505859375,1.4267349243164063,2.4978485107421875,1.5238723754882813,16486756352,6710886400,8345214976,0
200,1771997854629,3715.8860473632813,4400,0,1.325,38365.35870361328,2000,2000,2000,2000,2000,2000,2000,2000,2000,2000,2000,2000,2000,2000,2000,2000,9.06829833984375,2.3842620849609375,0.46242523193359375,0.36660003662109375,1.619476318359375,3.6304550170898438,8.372032165527344,4.933189392089844,5.214637756347656,7.460052490234375,97.09720611572266,2.3714370727539063,0.937835693359375,2.0343399047851563,0.41686248779296875,0.281097412109375,16486756352,6710886400,8377491456,0
199,1771997854830,3717.2117767333984,4400,0,1.325,38368.714935302734,2000,2000,2000,2000,2000,2000,2000,2000,2000,2000,2000,2000,2000,2000,2000,2000,12.748649597167969,2.542327880859375,0.00894927978515625,0.255584716796875,2.6085281372070313,3.2318344116210938,8.78350830078125,3.7869491577148438,2.87835693359375,11.842559814453125,97.0552978515625,3.9693832397460938,0.26053619384765625,2.1732025146484375,0.21628570556640625,0.3738250732421875,16486756352,6710886400,8323371008,0
199,1771997855030,5284.918518066406,3000,0,0.85625,38369.74493408203,2000,2000,2000,2000,2000,2000,2000,2000,2000,2000,2000,2000,2000,2000,2000,2000,10.413276672363281,3.101531982421875,0.312530517578125,1.139373779296875,3.160858154296875,3.6548233032226563,8.513496398925781,5.8018646240234375,2.7734527587890625,9.147453308105469,4.734367370605469,0.7304229736328125,1.0839385986328125,1.0517578125,1.1221237182617188,0.53594970703125,16486756352,6710886400,8317075456,0
200,1771997855230,5285.001678466797,3750,0,1.0437500000000002,38370.75340270996,2000,2000,2000,2000,2000,2000,2000,2000,2000,2000,2000,2000,2000,2000,2000,2000,10.606025695800781,2.6393508911132813,0.8141937255859375,0.8467941284179688,4.2066650390625,4.3225250244140625,7.070869445800781,7.352104187011719,6.013282775878906,7.629150390625,3.18133544921875,0.5887908935546875,0.9976119995117188,1.71588134765625,1.0164566040039063,1.0233383178710938,16486756352,6710886400,8304934912,0
199,1771997855431,683.2196655273438,3750,0,1.0437500000000002,38371.70372009277,2000,2000,2000,2000,2000,2000,2000,2000,2000,2000,2000,2000,2000,2000,2000,2000,9.571212768554688,3.1694107055664063,0.80108642578125,1.241180419921875,2.0242538452148438,3.7008438110351563,9.352066040039063,4.563224792480469,5.573509216308594,6.994483947753906,2.5278778076171875,0.46392059326171875,1.00262451171875,1.002227783203125,1.2967987060546875,0.5941696166992188,16486756352,6710886400,8299950080,0
200,1771997855631,4157.041687011719,3750,0,1.0375,38372.645584106445,2000,2000,2000,2000,2000,2000,2000,2000,2000,2000,2000,2000,2000,2000,2000,2000,10.62286376953125,2.5221786499023438,0.46747589111328125,1.325958251953125,4.612419128417969,3.73297119140625,10.792243957519531,3.5525360107421875,5.8809661865234375,6.876182556152344,1.3997802734375,1.7336196899414063,0.32878875732421875,1.3146438598632813,0.3003082275390625,0.308563232421875,16486756352,6710886400,8299941888,0
200,1771997855831,2577.06884765625,3000,0,0.8625,38373.61199951172,2000,2000,2000,2000,2000,2000,2000,2000,2000,2000,2000,2000,2000,2000,2000,2000,10.734359741210938,3.5214309692382813,0.34546661376953125,0.404052734375,3.363067626953125,4.9919891357421875,10.287315368652344,3.6679000854492188,5.4960784912109375,7.7202606201171875,3.400909423828125,0.270538330078125,0.8544998168945313,0.23659515380859375,0.192352294921875,0.235595703125,16486756352,6710886400,8299966464,0
200,1771997856032,770.2195892333984,3750,0,1.0437500000000002,38374.52297973633,2000,2000,2000,2000,2000,2000,2000,2000,2000,2000,2000,2000,2000,2000,2000,2000,8.561561584472656,2.2570343017578125,0.0364532470703125,0.4352569580078125,4.201438903808594,3.7053680419921875,10.116500854492188,2.6924896240234375,4.9165191650390625,9.288177490234375,1.9496002197265625,0.12163543701171875,1.0172653198242188,0.6931610107421875,0.13686370849609375,0.15663909912109375,16486756352,6710886400,8299900928,0
199,1771997856232,1016.3190765380859,3750,0,1.05,38375.51153564453,2000,2000,2000,2000,2000,2000,2000,2000,2000,2000,2000,2000,2000,2000,2000,2000,10.163658142089844,2.762786865234375,0.674285888671875,0.7021408081054688,4.40032958984375,3.880035400390625,9.215713500976563,4.615043640136719,7.28472900390625,7.310638427734375,4.8186187744140625,1.3274307250976563,1.1008758544921875,0.8564682006835938,0.8546295166015625,0.7169570922851563,16486756352,6710886400,8299843584,0
199,1771997856432,5285.611679077148,4550,0,1.3625,38376.655212402344,2000,2000,2000,2000,2000,2000,2000,2000,2000,2000,2000,2000,2000,2000,2000,2000,10.798385620117188,2.9012832641601563,0.33284759521484375,0.8588943481445313,2.0216064453125,4.879768371582031,7.378257751464844,5.183433532714844,15.514183044433594,9.289993286132813,1.826904296875,1.2360076904296875,1.0191726684570313,1.6592788696289063,0.2395172119140625,0.1102142333984375,16486756352,6710886400,8300609536,0
200,1771997856633,5285.712753295898,3750,0,1.0437500000000002,38377.74270629883,2000,2000,2000,2000,2000,2000,2000,2000,2000,2000,2000,2000,2000,2000,2000,2000,8.483345031738281,3.3784713745117188,0.237640380859375,0.5924530029296875,2.4254531860351563,3.5100631713867188,7.718788146972656,7.0638427734375,4.665679931640625,10.581871032714844,11.244873046875,0.8143768310546875,2.1341323852539063,1.3148956298828125,1.4913482666015625,0.13544464111328125,16486756352,6710886400,8300367872,0
199,1771997856833,5285.801742553711,3750,0,1.0437500000000002,38378.691467285156,2000,2000,2000,2000,2000,2000,2000,2000,2000,2000,2000,2000,2000,2000,2000,2000,10.695884704589844,3.8020248413085938,0.44892120361328125,0.13710784912109375,2.8926849365234375,4.31414794921875,7.6699981689453125,7.659095764160156,6.700004577636719,8.070663452148438,2.2576065063476563,0.42562103271484375,0.31391143798828125,0.9259414672851563,0.3213653564453125,0.2328643798828125,16486756352,6710886400,8300589056,0
199,1771997857033,5285.874938964844,3750,0,1.0437500000000002,38379.616790771484,2000,2000,2000,2000,2000,2000,2000,2000,2000,2000,2000,2000,2000,2000,2000,2000,9.098045349121094,2.8400955200195313,0,0.15099334716796875,1.8484954833984375,4.073997497558594,5.553199768066406,7.0796661376953125,3.2260208129882813,7.8746185302734375,1.3586807250976563,0,2.2974624633789063,0.414642333984375,0,0,16486756352,6710886400,8300482560,0
199,1771997857233,5285.954238891602,2400,0,0.74375,38380.56214904785,2000,2000,2000,2000,2000,2000,2000,2000,2000,2000,2000,2000,2000,2000,2000,2000,10.964080810546875,4.016845703125,0.7258377075195313,0.852508544921875,5.043067932128906,4.4211578369140625,7.814292907714844,6.940284729003906,5.2061767578125,7.828392028808594,1.1260986328125,0.635009765625,1.4336776733398438,1.2736129760742188,0.6766510009765625,0.6564559936523438,16486756352,6710886400,8300236800,0
200,1771997857433,4157.8128662109375,2400,0,0.74375,38381.541763305664,2000,2000,2000,2000,2000,2000,2000,2000,2000,2000,2000,2000,2000,2000,2000,2000,10.520797729492188,2.7156219482421875,0.5131454467773438,0.47834014892578125,2.7456893920898438,4.99725341796875,5.812347412109375,9.119773864746094,4.9114227294921875,8.476837158203125,2.692962646484375,1.2137298583984375,1.8674163818359375,2.09454345703125,0.5688552856445313,0.6856002807617188,16486756352,6710886400,8298422272,0
200,1771997857634,2577.749954223633,3000,0,0.8625,38382.45957946777,2000,2000,2000,2000,2000,2000,2000,2000,2000,2000,2000,2000,2000,2000,2000,2000,10.20306396484375,3.6369094848632813,1.50994873046875,0.5332794189453125,1.9048690795898438,3.792724609375,6.891746520996094,8.333213806152344,2.5692977905273438,10.078666687011719,3.9747543334960938,0.7297134399414063,0.31958770751953125,0.9082870483398438,0.27486419677734375,0.2908782958984375,16486756352,6710886400,8299331584,0
194,1771997857840,2577.8236389160156,3750,0,1.0437500000000002,38383.5008392334,2000,2000,2000,2000,2000,2000,2000,2000,2000,2000,2000,2000,2000,2000,2000,2000,9.915267944335938,3.3515090942382813,1.0105133056640625,0.8978347778320313,2.8846435546875,5.196380615234375,5.523841857910156,9.86407470703125,2.0877456665039063,13.200057983398438,3.8070297241210938,5.9971160888671875,0.964996337890625,0.9431533813476563,1.7966842651367188,1.4384613037109375,16486756352,6710886400,8296869888,0
199,1771997858034,2577.907745361328,1920,1,0.66875,38384.45991516113,2000,2000,2000,2000,2000,2000,2000,2000,2000,2000,2000,2000,2000,2000,2000,2000,12.059226989746094,2.2855072021484375,0.14670562744140625,0.8480911254882813,3.4433517456054688,3.986572265625,8.546073913574219,4.034324645996094,3.1719970703125,10.750465393066406,0.8883895874023438,2.0284423828125,0.3443450927734375,0.5653762817382813,0.153228759765625,1.1879653930664063,16486756352,6710886400,8296779776,0
200,1771997858235,4158.151138305664,3750,0,1.0437500000000002,38385.484939575195,2000,2000,2000,2000,2000,2000,2000,2000,2000,2000,2000,2000,2000,2000,2000,2000,10.251945495605469,3.1107101440429688,0.6938858032226563,0.43936920166015625,4.0926513671875,4.270164489746094,10.202537536621094,5.575492858886719,3.3918304443359375,11.276451110839844,1.7813796997070313,0.8238906860351563,0.9240036010742188,1.4025955200195313,0.42963409423828125,0.5190658569335938,16486756352,6710886400,8296677376,0
200,1771997858435,5286.45622253418,4550,0,1.35,38386.66848754883,2000,2000,2000,2000,2000,2000,2000,2000,2000,2000,2000,2000,2000,2000,2000,2000,10.068168640136719,3.8179092407226563,0.6083755493164063,2.1470184326171875,2.5814056396484375,3.7751617431640625,9.760787963867188,15.634735107421875,3.1479263305664063,9.072402954101563,1.3274383544921875,6.132087707519531,0.591217041015625,2.075836181640625,0.5650253295898438,1.2356033325195313,16486756352,6710886400,8296857600,0
200,1771997858635,1016.6305847167969,3750,0,0.86875,38387.687896728516,2000,2000,2000,2000,2000,2000,2000,2000,2000,2000,2000,2000,2000,2000,2000,2000,10.0789794921875,3.5467605590820313,1.1170654296875,0.62432861328125,1.6827163696289063,4.776786804199219,9.366508483886719,6.76507568359375,5.773109436035156,9.926414489746094,4.51116943359375,1.6119537353515625,1.5963211059570313,1.2636337280273438,0.5493698120117188,0.507171630859375,16486756352,6710886400,8298360832,0
199,1771997858836,5286.630767822266,3750,0,1.0437500000000002,38388.62739562988,2000,2000,2000,2000,2000,2000,2000,2000,2000,2000,2000,2000,2000,2000,2000,2000,9.270660400390625,3.3872451782226563,0.7513580322265625,1.3550643920898438,4.373863220214844,3.7965316772460938,6.668830871582031,9.224433898925781,3.0565948486328125,11.65203857421875,2.976409912109375,0.8962173461914063,1.3923187255859375,1.7635040283203125,0.166351318359375,0.8404693603515625,16486756352,6710886400,8298156032,0
200,1771997859036,5286.716583251953,3750,0,1.0437500000000002,38389.59315490723,2000,2000,2000,2000,2000,2000,2000,2000,2000,2000,2000,2000,2000,2000,2000,2000,7.500526428222656,4.568214416503906,0.5916213989257813,0.48546600341796875,4.2925262451171875,5.20013427734375,7.487937927246094,7.625358581542969,4.975830078125,10.269699096679688,2.8596572875976563,1.037841796875,1.0259552001953125,1.6908340454101563,1.4238357543945313,0.5941696166992188,16486756352,6710886400,8297955328,0
198,1771997859239,770.4554748535156,3925,0,1.1,38391.31701660156,2000,2000,2000,2000,2000,2000,2000,2000,2000,2000,2000,2000,2000,2000,2000,2000,19.445144653320313,12.513893127441406,10.45574951171875,11.012435913085938,12.660224914550781,13.71453857421875,18.469322204589844,17.338973999023438,13.749107360839844,19.299896240234375,10.943016052246094,10.390220642089844,10.831146240234375,10.674461364746094,9.859169006347656,10.169883728027344,16486756352,6710886400,8295821312,0
200,1771997859438,5286.994674682617,2000,1,0.675,38392.6672668457,2000,2000,2000,2000,2000,2000,2000,2000,2000,2000,2000,2000,2000,2000,2000,2000,12.209434509277344,7.516563415527344,5.54010009765625,3.6543655395507813,7.4626617431640625,7.366844177246094,16.717788696289063,9.72698974609375,6.180381774902344,13.441596984863281,7.236595153808594,10.153877258300781,3.7166366577148438,4.343727111816406,3.0536575317382813,3.1046066284179688,16486756352,6710886400,8243945472,0
199,1771997859638,4159.050399780273,3000,0,0.85625,38393.62580871582,2000,2000,2000,2000,2000,2000,2000,2000,2000,2000,2000,2000,2000,2000,2000,2000,11.020004272460938,2.5882186889648438,0.8519287109375,1.6374359130859375,3.4901962280273438,3.9447021484375,10.395332336425781,6.122222900390625,3.8171005249023438,9.082908630371094,3.4069595336914063,0.8021774291992188,0.7966842651367188,0.9765853881835938,0.7107009887695313,0.67681884765625,16486756352,6710886400,8243605504,0
199,1771997859838,5287.150177001953,3750,0,0.74375,38394.60760498047,2000,2000,2000,2000,2000,2000,2000,2000,2000,2000,2000,2000,2000,2000,2000,2000,11.095329284667969,3.2804641723632813,0.3773956298828125,0.7547378540039063,3.0245819091796875,4.8485260009765625,5.966011047363281,8.639801025390625,3.2370147705078125,10.877662658691406,3.067230224609375,0.6784133911132813,0.8119354248046875,0.8039627075195313,0.9454498291015625,0.697540283203125,16486756352,6710886400,8243613696,0
199,1771997860038,5287.384078979492,2400,0,0.74375,38396.74250793457,2000,2000,2000,2000,2000,2000,2000,2000,2000,2000,2000,2000,2000,2000,2000,2000,26.26361083984375,22.027244567871094,19.302696228027344,19.482070922851563,19.555816650390625,22.318313598632813,31.844833374023438,27.061073303222656,30.2979736328125,25.300994873046875,27.95024871826172,17.908233642578125,19.477218627929688,19.276260375976563,19.251129150390625,19.236862182617188,16486756352,6710886400,8235405312,0
200,1771997860239,5287.463302612305,3750,0,1.01875,38397.69161987305,2000,2000,2000,2000,2000,2000,2000,2000,2000,2000,2000,2000,2000,2000,2000,2000,9.295791625976563,1.2327423095703125,0.294647216796875,1.3812179565429688,3.9367904663085938,3.788665771484375,8.119438171386719,4.097709655761719,8.524620056152344,5.419090270996094,2.4302444458007813,0.3851318359375,0.6932830810546875,1.601531982421875,0.48822021484375,0.24700927734375,16486756352,6710886400,8235040768,0
199,1771997860439,1017.0660552978516,3950,0,1.11875,38398.83541870117,2000,2000,2000,2000,2000,2000,2000,2000,2000,2000,2000,2000,2000,2000,2000,2000,10.888603210449219,2.8119277954101563,0.4690399169921875,1.1080169677734375,4.338600158691406,3.4286117553710938,11.988189697265625,3.1651382446289063,5.805122375488281,16.18353271484375,2.8121719360351563,1.2586135864257813,1.082977294921875,0.9684982299804688,0.37236785888671875,0.6273117065429688,16486756352,6710886400,8235847680,0
199,1771997860639,5287.733306884766,3750,0,1.0437500000000002,38399.83883666992,2000,2000,2000,2000,2000,2000,2000,2000,2000,2000,2000,2000,2000,2000,2000,2000,8.823966979980469,3.8126144409179688,1.4756317138671875,1.489410400390625,2.3555374145507813,5.3824462890625,13.103706359863281,5.151885986328125,7.907463073730469,7.2170867919921875,2.5420303344726563,1.4426651000976563,2.2757644653320313,2.4994583129882813,1.1948013305664063,0.9827423095703125,16486756352,6710886400,8235388928,0
199,1771997860839,5287.808837890625,2000,1,0.68125,38400.809509277344,2000,2000,2000,2000,2000,2000,2000,2000,2000,2000,2000,2000,2000,2000,2000,2000,9.491294860839844,3.2874526977539063,0.3701171875,0,2.9145736694335938,2.9902191162109375,8.452461242675781,6.483863830566406,5.264839172363281,7.471397399902344,1.7523727416992188,0.0154571533203125,1.015594482421875,1.866058349609375,0.5008697509765625,0.5205459594726563,16486756352,6710886400,8235339776,0
199,1771997861040,5287.906921386719,2400,0,0.74375,38401.82383728027,2000,2000,2000,2000,2000,2000,2000,2000,2000,2000,2000,2000,2000,2000,2000,2000,9.347877502441406,3.1372909545898438,0.7637405395507813,0.3060760498046875,2.41217041015625,3.9245834350585938,11.356277465820313,5.806365966796875,6.29547119140625,7.547615051269531,16.407943725585938,0.9965896606445313,0,0.1336517333984375,0,0,16486756352,6710886400,8233607168,0
200,1771997861240,5287.990036010742,2400,0,0.74375,38402.796966552734,2000,2000,2000,2000,2000,2000,2000,2000,2000,2000,2000,2000,2000,2000,2000,2000,9.590034484863281,3.5306015014648438,0.2571563720703125,0.6338958740234375,4.925697326660156,3.482574462890625,8.121826171875,7.056846618652344,7.1348724365234375,6.319892883300781,1.6646194458007813,0.3690338134765625,1.8400421142578125,0.534942626953125,0.63409423828125,0.1609039306640625,16486756352,6710886400,8233590784,0
199,1771997861440,4160.000473022461,3750,0,1.0437500000000002,38403.727294921875,2000,2000,2000,2000,2000,2000,2000,2000,2000,2000,2000,2000,2000,2000,2000,2000,6.9546966552734375,3.8817520141601563,1.270050048828125,0.5240402221679688,4.356452941894531,3.9718704223632813,9.829696655273438,4.81500244140625,7.3243255615234375,3.7616653442382813,1.8374252319335938,0.21115875244140625,0.32193756103515625,0.2501373291015625,0.25328826904296875,0,16486756352,6710886400,8232538112,0
199,1771997861640,5288.153305053711,2400,0,0.74375,38404.77624511719,2000,2000,2000,2000,2000,2000,2000,2000,2000,2000,2000,2000,2000,2000,2000,2000,11.523788452148438,2.8425979614257813,0.9597549438476563,1.049102783203125,3.0496673583984375,5.180107116699219,9.290115356445313,6.634010314941406,9.467056274414063,4.56158447265625,16.48657989501953,1.2794570922851563,0.7332992553710938,0.6764297485351563,0.3966522216796875,0.2251129150390625,16486756352,6710886400,8233447424,0
200,1771997861841,5288.221466064453,3750,0,0.74375,38405.734451293945,2000,2000,2000,2000,2000,2000,2000,2000,2000,2000,2000,2000,2000,2000,2000,2000,10.149887084960938,2.7327651977539063,0.837646484375,0.6715316772460938,3.3221282958984375,4.654243469238281,11.416328430175781,3.7820816040039063,6.576133728027344,5.5662689208984375,3.767852783203125,2.3868331909179688,0.4329833984375,0.9398422241210938,0.27550506591796875,0.5001144409179688,16486756352,6710886400,8233074688,0
199,1771997862041,5288.294860839844,3750,0,1.0375,38406.70024108887,2000,2000,2000,2000,2000,2000,2000,2000,2000,2000,2000,2000,2000,2000,2000,2000,8.919570922851563,3.8257904052734375,0.29230499267578125,1.1995086669921875,6.765037536621094,2.2464752197265625,10.880783081054688,3.8003311157226563,5.83721923828125,6.4079437255859375,1.8316802978515625,1.0781631469726563,0.789306640625,1.6844329833984375,0.29340362548828125,0.3084259033203125,16486756352,6710886400,8232824832,0
199,1771997862241,4160.330276489258,2000,1,0.675,38407.643615722656,2000,2000,2000,2000,2000,2000,2000,2000,2000,2000,2000,2000,2000,2000,2000,2000,10.505546569824219,3.7921218872070313,0.679473876953125,0.9248580932617188,5.7000732421875,4.1074066162109375,9.422248840332031,5.3894805908203125,9.327178955078125,5.20770263671875,2.3083877563476563,0.7879104614257813,1.4839324951171875,1.5257110595703125,0.4588165283203125,0.5249252319335938,16486756352,6710886400,8232439808,0
199,1771997862441,5288.463729858398,2400,0,0.74375,38408.758071899414,2000,2000,2000,2000,2000,2000,2000,2000,2000,2000,2000,2000,2000,2000,2000,2000,7.7667694091796875,2.8382186889648438,0.13379669189453125,0.3433990478515625,5.2091522216796875,3.000701904296875,6.7953033447265625,16.07787322998047,5.741279602050781,7.142059326171875,2.1392059326171875,0.395172119140625,0.2433013916015625,1.0478668212890625,0,0.100341796875,16486756352,6710886400,8233205760,0
200,1771997862641,5288.570053100586,3750,0,1.0437500000000002,38409.79510498047,2000,2000,2000,2000,2000,2000,2000,2000,2000,2000,2000,2000,2000,2000,2000,2000,9.186851501464844,3.92559814453125,0.7916793823242188,0.8161163330078125,1.6641693115234375,5.230316162109375,10.7685546875,5.483360290527344,4.686637878417969,13.28997802734375,5.411895751953125,4.015159606933594,1.69805908203125,2.0301742553710938,0.498199462890625,0.34590911865234375,16486756352,6710886400,8232013824,0
199,1771997862842,5288.655487060547,2400,0,0.74375,38410.74411010742,2000,2000,2000,2000,2000,2000,2000,2000,2000,2000,2000,2000,2000,2000,2000,2000,10.232170104980469,2.3207626342773438,0.327545166015625,0.4358978271484375,3.3919525146484375,3.6861724853515625,8.844215393066406,4.5424041748046875,1.7076263427734375,13.165023803710938,3.4950637817382813,2.6357421875,0.48563385009765625,1.8858108520507813,0.7656402587890625,0.35298919677734375,16486756352,6710886400,8231084032,0
199,1771997863042,4160.762893676758,3750,0,1.0437500000000002,38411.64414978027,2000,2000,2000,2000,2000,2000,2000,2000,2000,2000,2000,2000,2000,2000,2000,2000,8.442085266113281,3.7203903198242188,0.435211181640625,0.2310638427734375,5.484550476074219,2.587493896484375,10.843711853027344,3.9020614624023438,5.1096649169921875,7.7279205322265625,2.07373046875,0.9046783447265625,0.33058929443359375,1.6005630493164063,0.076751708984375,0.3288421630859375,16486756352,6710886400,8230404096,0
199,1771997863242,4160.849761962891,3750,0,1.0437500000000002,38412.6356048584,2000,2000,2000,2000,2000,2000,2000,2000,2000,2000,2000,2000,2000,2000,2000,2000,10.982757568359375,2.7043304443359375,0.856475830078125,0.5331878662109375,1.9151840209960938,3.9033660888671875,9.699516296386719,5.6122894287109375,8.950401306152344,6.296760559082031,2.399566650390625,0.5186004638671875,1.34454345703125,0.91204833984375,1.1889266967773438,0.8884506225585938,16486756352,6710886400,8230395904,0
200,1771997863442,5288.897613525391,2000,1,0.68125,38413.62358093262,2000,2000,2000,2000,2000,2000,2000,2000,2000,2000,2000,2000,2000,2000,2000,2000,9.158447265625,2.5380630493164063,1.4473953247070313,0.594818115234375,3.0201568603515625,3.7200927734375,12.133918762207031,3.423583984375,5.959693908691406,6.219612121582031,2.458587646484375,0.8887252807617188,1.1815338134765625,1.5168304443359375,0.24017333984375,0.6506500244140625,16486756352,6710886400,8228614144,0
199,1771997863643,2580.1505737304688,1920,1,0.66875,38414.57176208496,2000,2000,2000,2000,2000,2000,2000,2000,2000,2000,2000,2000,2000,2000,2000,2000,11.153892517089844,3.5312118530273438,0.5816192626953125,0.5329208374023438,2.7324676513671875,3.5015716552734375,9.993995666503906,5.299858093261719,8.574928283691406,5.570808410644531,4.141563415527344,0.5366134643554688,1.0242919921875,1.1314010620117188,0.44287109375,0.6706695556640625,16486756352,6710886400,8229044224,0
199,1771997863843,4161.100936889648,2400,0,0.74375,38415.497955322266,2000,2000,2000,2000,2000,2000,2000,2000,2000,2000,2000,2000,2000,2000,2000,2000,8.627799987792969,2.796630859375,0.02783966064453125,0.38672637939453125,5.579444885253906,3.6289215087890625,9.629196166992188,5.3024749755859375,8.195404052734375,4.0878143310546875,0.9146652221679688,0.24021148681640625,0.9590835571289063,0.40930938720703125,0,0.16910552978515625,16486756352,6710886400,8228630528,0
200,1771997864043,4161.176467895508,3000,0,0.85625,38416.39793395996,2000,2000,2000,2000,2000,2000,2000,2000,2000,2000,2000,2000,2000,2000,2000,2000,12.422927856445313,2.177276611328125,0.5646896362304688,0.33270263671875,1.7795944213867188,4.036285400390625,8.627044677734375,4.7915802001953125,8.733467102050781,5.878013610839844,1.7299880981445313,0.21826171875,0.232086181640625,1.4755020141601563,0.18178558349609375,0.2791900634765625,16486756352,6710886400,8228560896,0
199,1771997864244,3718.5401000976563,4550,0,1.38125,38417.3932800293,2000,2000,2000,2000,2000,2000,2000,2000,2000,2000,2000,2000,2000,2000,2000,2000,8.637001037597656,2.9324951171875,0.17005157470703125,0.4464569091796875,4.635307312011719,3.2779312133789063,10.240554809570313,3.9184341430664063,9.365646362304688,4.560188293457031,5.1802825927734375,6.86309814453125,2.1228866577148438,2.1868362426757813,0.8116531372070313,0.7181243896484375,16486756352,6710886400,8228167680,0
200,1771997864444,5289.326675415039,3750,0,1.0437500000000002,38418.572845458984,2000,2000,2000,2000,2000,2000,2000,2000,2000,2000,2000,2000,2000,2000,2000,2000,9.934188842773438,2.6439743041992188,0.0460662841796875,0.0842742919921875,4.216705322265625,4.010398864746094,20.194915771484375,3.2591400146484375,10.076606750488281,2.924285888671875,1.995513916015625,1.4149017333984375,0.6470108032226563,0.2227783203125,0.0501708984375,0,16486756352,6710886400,8228921344,0
199,1771997864644,5289.423599243164,2400,0,0.74375,38419.61552429199,2000,2000,2000,2000,2000,2000,2000,2000,2000,2000,2000,2000,2000,2000,2000,2000,8.611030578613281,3.7318267822265625,0.5045089721679688,0.35686492919921875,3.8899002075195313,2.7586441040039063,9.817733764648438,3.83197021484375,11.541015625,5.027496337890625,7.2657623291015625,2.687591552734375,3.1574630737304688,1.5538864135742188,0.5173797607421875,0.638580322265625,16486756352,6710886400,8229085184,0
200,1771997864844,2580.615188598633,3000,0,0.8625,38420.594299316406,2000,2000,2000,2000,2000,2000,2000,2000,2000,2000,2000,2000,2000,2000,2000,2000,12.715248107910156,3.8211669921875,0.5833206176757813,1.35638427734375,3.2595672607421875,4.6476898193359375,9.280937194824219,6.5444488525390625,5.863861083984375,9.296783447265625,2.1889877319335938,1.0112380981445313,2.0753326416015625,1.2155227661132813,1.4448776245117188,1.1777572631835938,16486756352,6710886400,8229044224,0
199,1771997865045,5289.592071533203,3000,0,0.8625,38421.502502441406,2000,2000,2000,2000,2000,2000,2000,2000,2000,2000,2000,2000,2000,2000,2000,2000,8.597251892089844,3.091156005859375,0.8742141723632813,0.521453857421875,4.106880187988281,2.608734130859375,9.120208740234375,4.320716857910156,5.791664123535156,7.204376220703125,1.6943893432617188,0.08672332763671875,1.5443801879882813,0.38164520263671875,0,0,16486756352,6710886400,8228757504,0
200,1771997865245,4161.768844604492,3750,0,1.0437500000000002,38422.475830078125,2000,2000,2000,2000,2000,2000,2000,2000,2000,2000,2000,2000,2000,2000,2000,2000,10.30145263671875,3.0540084838867188,0.8056106567382813,0.8771438598632813,5.965797424316406,4.458747863769531,9.890327453613281,5.18743896484375,6.7815704345703125,5.827911376953125,2.918914794921875,1.014678955078125,1.0967788696289063,1.0360031127929688,0.8344497680664063,0.6456527709960938,16486756352,6710886400,8228724736,0
200,1771997865446,2580.824264526367,3750,0,1.0437500000000002,38423.380142211914,2000,2000,2000,2000,2000,2000,2000,2000,2000,2000,2000,2000,2000,2000,2000,2000,9.432403564453125,2.1388626098632813,0.8018417358398438,0.03250885009765625,5.0818634033203125,2.3966751098632813,11.408729553222656,3.7614517211914063,7.22607421875,4.163444519042969,1.0347976684570313,0.14798736572265625,0.07236480712890625,0.8902664184570313,0.27626800537109375,0.2343597412109375,16486756352,6710886400,8227422208,0
200,1771997865646,5289.816345214844,3750,0,1.0375,38424.32891845703,2000,2000,2000,2000,2000,2000,2000,2000,2000,2000,2000,2000,2000,2000,2000,2000,9.809211730957031,3.4728012084960938,0.8832244873046875,0.7625656127929688,3.4399795532226563,3.3465042114257813,8.594230651855469,5.70562744140625,6.366241455078125,9.040008544921875,4.770027160644531,0.9039764404296875,2.9462661743164063,0.919342041015625,0.7603225708007813,0.6963729858398438,16486756352,6710886400,8228012032,0
200,1771997865846,5289.889938354492,3750,0,1.0375,38425.27639770508,2000,2000,2000,2000,2000,2000,2000,2000,2000,2000,2000,2000,2000,2000,2000,2000,10.01507568359375,2.0034866333007813,0.5208587646484375,0.20807647705078125,2.2717514038085938,4.612373352050781,10.79327392578125,3.179962158203125,8.594444274902344,4.090667724609375,3.8555450439453125,0.8998260498046875,1.2717056274414063,0.40871429443359375,0.1698455810546875,0.14154815673828125,16486756352,6710886400,8227995648,0
200,1771997866047,1017.7598724365234,3750,0,1.05625,38426.212463378906,2000,2000,2000,2000,2000,2000,2000,2000,2000,2000,2000,2000,2000,2000,2000,2000,10.417655944824219,3.164703369140625,0.5686187744140625,0.325592041015625,3.9426345825195313,4.409294128417969,10.533187866210938,3.6264266967773438,7.584930419921875,4.5481719970703125,2.8648529052734375,0.274505615234375,0.6361618041992188,0.40380859375,0.376617431640625,0.32144927978515625,16486756352,6710886400,8227164160,0
199,1771997866247,5290.035614013672,3750,0,1.0437500000000002,38427.143783569336,2000,2000,2000,2000,2000,2000,2000,2000,2000,2000,2000,2000,2000,2000,2000,2000,8.500221252441406,3.6192169189453125,0.3802947998046875,0.0677642822265625,5.5380859375,2.43988037109375,8.955718994140625,4.304412841796875,6.9189605712890625,6.3155059814453125,0.9499969482421875,0.371612548828125,0.4862060546875,1.1714019775390625,0.12583160400390625,0.13536834716796875,16486756352,6710886400,8227164160,0
199,1771997866448,4162.268768310547,4550,0,1.35,38428.305236816406,2000,2000,2000,2000,2000,2000,2000,2000,2000,2000,2000,2000,2000,2000,2000,2000,7.012702941894531,4.3520050048828125,0.37603759765625,0.45987701416015625,6.156211853027344,3.9436111450195313,10.757530212402344,4.6787109375,4.577049255371094,18.646690368652344,1.5259857177734375,0.23178863525390625,2.431854248046875,1.2724227905273438,0.18709564208984375,0.13961029052734375,16486756352,6710886400,8227733504,0
200,1771997866648,5290.306930541992,1920,1,0.66875,38429.24803161621,2000,2000,2000,2000,2000,2000,2000,2000,2000,2000,2000,2000,2000,2000,2000,2000,9.210029602050781,3.3849868774414063,1.0525665283203125,0.8972320556640625,3.5756378173828125,2.3839111328125,9.811607360839844,5.338539123535156,2.4193801879882813,10.347412109375,3.38372802734375,0.5000839233398438,1.3900985717773438,0.7293167114257813,0.375,0.07489013671875,16486756352,6710886400,8227848192,0
199,1771997866848,5290.376159667969,3000,0,0.8625,38430.19041442871,2000,2000,2000,2000,2000,2000,2000,2000,2000,2000,2000,2000,2000,2000,2000,2000,11.521347045898438,3.1806106567382813,0.3231964111328125,0.11954498291015625,2.1977691650390625,4.296295166015625,9.517723083496094,5.797821044921875,1.4707794189453125,9.678367614746094,1.72552490234375,0.532196044921875,1.6281814575195313,0.43239593505859375,1.1322860717773438,0.848785400390625,16486756352,6710886400,8227827712,0
200,1771997867048,5290.458999633789,2400,0,0.74375,38431.125549316406,2000,2000,2000,2000,2000,2000,2000,2000,2000,2000,2000,2000,2000,2000,2000,2000,9.572998046875,2.0650634765625,0.0201416015625,0.28368377685546875,2.6331329345703125,4.7217864990234375,8.401168823242188,4.807518005371094,3.957366943359375,10.087127685546875,1.4521102905273438,0.31842803955078125,0.48618316650390625,0.516632080078125,0.054290771484375,0.15581512451171875,16486756352,6710886400,8227831808,0
199,1771997867249,5290.539001464844,2400,0,0.74375,38432.07955932617,2000,2000,2000,2000,2000,2000,2000,2000,2000,2000,2000,2000,2000,2000,2000,2000,12.096931457519531,1.5784072875976563,0.46768951416015625,0.6028976440429688,2.24139404296875,4.647529602050781,7.718505859375,5.730445861816406,3.0316925048828125,9.845008850097656,2.62493896484375,0.34581756591796875,0.36223602294921875,1.2656326293945313,0.6709213256835938,0.28816986083984375,16486756352,6710886400,8227729408,0
200,1771997867449,4162.683532714844,2400,0,0.74375,38433.04161071777,2000,2000,2000,2000,2000,2000,2000,2000,2000,2000,2000,2000,2000,2000,2000,2000,10.05859375,2.4740447998046875,0.16577911376953125,0.43772125244140625,3.4959640502929688,3.0829620361328125,7.619903564453125,7.158561706542969,2.7821884155273438,8.762428283691406,1.7159423828125,0.2422027587890625,0.13875579833984375,1.036163330078125,0.2648162841796875,0.5076751708984375,16486756352,6710886400,8226119680,0
199,1771997867650,5290.687042236328,2000,1,0.68125,38433.9836730957,2000,2000,2000,2000,2000,2000,2000,2000,2000,2000,2000,2000,2000,2000,2000,2000,9.101913452148438,2.849700927734375,0.38067626953125,1.0549697875976563,4.7604217529296875,2.7382965087890625,8.642196655273438,6.809867858886719,2.9835433959960938,9.434272766113281,0.827178955078125,0.23766326904296875,1.2041702270507813,0.74310302734375,0.17607879638671875,0.14007568359375,16486756352,6710886400,8226930688,0
199,1771997867850,5290.769287109375,2400,0,0.74375,38434.95153808594,2000,2000,2000,2000,2000,2000,2000,2000,2000,2000,2000,2000,2000,2000,2000,2000,8.676849365234375,2.9772491455078125,0.02019500732421875,0.35265350341796875,3.821746826171875,2.1960983276367188,7.099365234375,5.971832275390625,2.213775634765625,10.592414855957031,5.452873229980469,2.4964675903320313,1.6493606567382813,0.6577911376953125,0.746795654296875,0.39017486572265625,16486756352,6710886400,8226996224,0
200,1771997868050,5290.840347290039,3750,0,1.0437500000000002,38435.88134765625,2000,2000,2000,2000,2000,2000,2000,2000,2000,2000,2000,2000,2000,2000,2000,2000,12.120590209960938,2.1185836791992188,1.2349395751953125,0.31410980224609375,1.8612518310546875,3.4549331665039063,8.330314636230469,6.615745544433594,3.7735824584960938,8.516532897949219,1.915283203125,0.48842620849609375,0.7909393310546875,2.5498428344726563,0.7870941162109375,0.40486907958984375,16486756352,6710886400,8226971648,0
200,1771997868250,5290.914260864258,3750,0,1.0437500000000002,38436.85997009277,2000,2000,2000,2000,2000,2000,2000,2000,2000,2000,2000,2000,2000,2000,2000,2000,8.807533264160156,5.594795227050781,0.13045501708984375,0.03743743896484375,2.2462387084960938,5.400238037109375,7.004524230957031,6.548011779785156,4.666831970214844,7.1957244873046875,1.2049560546875,0.9509658813476563,0.5464706420898438,0.7489471435546875,0,0.05628204345703125,16486756352,6710886400,8226971648,0
200,1771997868451,770.9451751708984,3000,0,0.8625,38437.96696472168,2000,2000,2000,2000,2000,2000,2000,2000,2000,2000,2000,2000,2000,2000,2000,2000,3.3271331787109375,7.8670196533203125,0.6561279296875,0.1875,0.5160675048828125,7.9315185546875,7.594573974609375,6.251640319824219,15.808609008789063,6.772743225097656,1.49212646484375,1.1020584106445313,2.0117340087890625,2.6006240844726563,0.135528564453125,0.1362762451171875,16486756352,6710886400,8227721216,0
200,1771997868651,1018.0990600585938,3000,0,0.86875,38438.87532043457,2000,2000,2000,2000,2000,2000,2000,2000,2000,2000,2000,2000,2000,2000,2000,2000,3.2272109985351563,9.783378601074219,0.13570404052734375,0.10150146484375,1.1349411010742188,6.2091522216796875,9.243026733398438,5.3635406494140625,5.0190277099609375,6.988517761230469,0.43434906005859375,1.5221710205078125,1.0393524169921875,0.52032470703125,0,0,16486756352,6710886400,8227725312,0
200,1771997868852,770.9603881835938,3000,0,0.8625,38439.87550354004,2000,2000,2000,2000,2000,2000,2000,2000,2000,2000,2000,2000,2000,2000,2000,2000,4.318641662597656,10.2874755859375,0.9683456420898438,0.9601821899414063,1.9558944702148438,6.831306457519531,10.558197021484375,6.51141357421875,3.9552459716796875,8.68511962890625,2.8940811157226563,2.3413467407226563,2.0046234130859375,2.1377182006835938,0.6442184448242188,1.258026123046875,16486756352,6710886400,8227016704,0
200,1771997869052,5291.32080078125,2400,0,0.74375,38440.7975769043,2000,2000,2000,2000,2000,2000,2000,2000,2000,2000,2000,2000,2000,2000,2000,2000,2.7877655029296875,9.763107299804688,0.45017242431640625,0.48831939697265625,1.2220993041992188,7.3612518310546875,7.083183288574219,6.92401123046875,4.2951202392578125,7.964912414550781,0.77557373046875,1.2507553100585938,0.5925750732421875,1.22454833984375,0.54034423828125,1.0627670288085938,16486756352,6710886400,8226762752,0
199,1771997869253,4163.4158935546875,1920,1,0.6625,38441.72563171387,2000,2000,2000,2000,2000,2000,2000,2000,2000,2000,2000,2000,2000,2000,2000,2000,3.2011871337890625,8.704254150390625,0.25566864013671875,0.0298004150390625,1.54833984375,6.259315490722656,7.620643615722656,5.5629730224609375,5.332756042480469,8.400787353515625,0.9449081420898438,1.8258590698242188,0.4399261474609375,0.9742584228515625,0.41977691650390625,0.6934890747070313,16486756352,6710886400,8226746368,0
200,1771997869453,1018.2152099609375,3000,0,0.86875,38442.67329406738,2000,2000,2000,2000,2000,2000,2000,2000,2000,2000,2000,2000,2000,2000,2000,2000,3.6721572875976563,9.784690856933594,0.481414794921875,0.37328338623046875,1.2732772827148438,7.696868896484375,7.6474761962890625,7.14013671875,3.1078872680664063,9.462051391601563,0.9343109130859375,1.6604461669921875,0.46852874755859375,1.5471267700195313,0.38172149658203125,0.4325714111328125,16486756352,6710886400,8225570816,0
200,1771997869653,4163.583404541016,3750,0,1.0437500000000002,38443.6316986084,2000,2000,2000,2000,2000,2000,2000,2000,2000,2000,2000,2000,2000,2000,2000,2000,3.4829254150390625,11.507926940917969,0.5738677978515625,0.5155258178710938,0.8997802734375,6.82672119140625,9.417121887207031,7.114921569824219,3.0704116821289063,9.17144775390625,0.865509033203125,1.4164505004882813,0.80810546875,1.5659255981445313,0.5009536743164063,0.5066680908203125,16486756352,6710886400,8226091008,0
199,1771997869854,4163.66780090332,2000,1,0.68125,38444.55546569824,2000,2000,2000,2000,2000,2000,2000,2000,2000,2000,2000,2000,2000,2000,2000,2000,2.9977874755859375,10.840049743652344,0.9585952758789063,0.18776702880859375,1.0244522094726563,5.450355529785156,9.671524047851563,5.70758056640625,2.7161407470703125,9.221878051757813,1.2908401489257813,2.2830581665039063,0.8232269287109375,1.4549331665039063,0.7305908203125,0.3104248046875,16486756352,6710886400,8226045952,0
199,1771997870054,4163.750732421875,2400,0,0.74375,38445.480377197266,2000,2000,2000,2000,2000,2000,2000,2000,2000,2000,2000,2000,2000,2000,2000,2000,3.2209854125976563,11.886955261230469,1.5477523803710938,0.59332275390625,1.6085968017578125,5.72186279296875,8.07269287109375,7.5475921630859375,4.37335205078125,9.521476745605469,1.3256912231445313,1.231353759765625,1.2046432495117188,0.9080276489257813,0.6421127319335938,1.7298965454101563,16486756352,6710886400,8226041856,0
199,1771997870254,5291.760833740234,3750,0,1.0437500000000002,38446.443923950195,2000,2000,2000,2000,2000,2000,2000,2000,2000,2000,2000,2000,2000,2000,2000,2000,2.5222854614257813,14.01531982421875,0.25778961181640625,0.280029296875,0.6389846801757813,5.103721618652344,8.372779846191406,5.147300720214844,3.5735702514648438,7.952812194824219,0.7103042602539063,0.46604156494140625,1.1093368530273438,0.5184326171875,0.10402679443359375,0,16486756352,6710886400,8226246656,0
199,1771997870454,5291.8388671875,3000,0,0.8625,38447.58020019531,2000,2000,2000,2000,2000,2000,2000,2000,2000,2000,2000,2000,2000,2000,2000,2000,2.8809661865234375,10.919944763183594,0.6941452026367188,0.5184707641601563,1.013946533203125,6.016937255859375,19.479248046875,5.8736114501953125,2.6026077270507813,8.999885559082031,2.6861953735351563,1.8301239013671875,0.963104248046875,1.4649810791015625,0.2194671630859375,0.33304595947265625,16486756352,6710886400,8227254272,0
199,1771997870654,5291.907974243164,1600,2,0.63125,38448.50947570801,2000,2000,2000,2000,2000,2000,2000,2000,2000,2000,2000,2000,2000,2000,2000,2000,2.6842117309570313,9.107795715332031,0.3411712646484375,0.36746978759765625,0.7898788452148438,7.187217712402344,7.560386657714844,8.021133422851563,5.578025817871094,5.8646087646484375,0.7311859130859375,1.0180740356445313,1.2122344970703125,0.39841461181640625,0.118377685546875,0.45275115966796875,16486756352,6710886400,8227397632,0
199,1771997870854,5291.9857177734375,3750,0,1.0437500000000002,38449.48204040527,2000,2000,2000,2000,2000,2000,2000,2000,2000,2000,2000,2000,2000,2000,2000,2000,3.2571792602539063,9.546363830566406,0.29119110107421875,0.1494140625,1.1645736694335938,7.430137634277344,11.084968566894531,4.4071807861328125,4.43536376953125,7.910438537597656,1.3202667236328125,1.918121337890625,0.44643402099609375,0.9044265747070313,0,0.39820098876953125,16486756352,6710886400,8227360768,0
199,1771997871054,4164.272201538086,1920,1,0.6625,38450.41856384277,2000,2000,2000,2000,2000,2000,2000,2000,2000,2000,2000,2000,2000,2000,2000,2000,3.4927139282226563,11.058761596679688,0.5269546508789063,0.43117523193359375,1.6675949096679688,6.0772705078125,9.909629821777344,4.660484313964844,7.10809326171875,4.3682098388671875,0.7482833862304688,1.1626205444335938,2.1902999877929688,0.7827072143554688,0.295623779296875,0.2336273193359375,16486756352,6710886400,8227360768,0
200,1771997871255,5292.127426147461,3000,0,0.8625,38451.358657836914,2000,2000,2000,2000,2000,2000,2000,2000,2000,2000,2000,2000,2000,2000,2000,2000,3.7475051879882813,10.252281188964844,0.506378173828125,0.3792724609375,1.4573974609375,6.699958801269531,9.183197021484375,5.0979766845703125,6.66259765625,5.143218994140625,1.114288330078125,1.3055191040039063,2.097869873046875,1.3450775146484375,0.454833984375,0.2371826171875,16486756352,6710886400,8227319808,0
183,1771997871471,5292.201629638672,3750,0,0.74375,38452.32894897461,2000,2000,2000,2000,2000,2000,2000,2000,2000,2000,2000,2000,2000,2000,2000,2000,3.57928466796875,11.836196899414063,0.9917526245117188,0.730224609375,1.71990966796875,6.0489349365234375,8.990226745605469,5.262001037597656,7.7505645751953125,4.32073974609375,0.9443435668945313,1.8139419555664063,0.9298477172851563,1.4910125732421875,0.44351959228515625,0.7473907470703125,16486756352,6710886400,8225599488,0
199,1771997871656,771.0476837158203,3750,0,1.0437500000000002,38453.21913146973,2000,2000,2000,2000,2000,2000,2000,2000,2000,2000,2000,2000,2000,2000,2000,2000,2.7523880004882813,10.43255615234375,0,0,0.6823043823242188,4.2417755126953125,9.609375,4.691734313964844,2.17889404296875,8.692878723144531,0.28623199462890625,1.68988037109375,0.8607559204101563,1.11944580078125,1.0536117553710938,0,16486756352,6710886400,8226443264,0
199,1771997871855,5292.331527709961,3000,0,0.8625,38454.17776489258,2000,2000,2000,2000,2000,2000,2000,2000,2000,2000,2000,2000,2000,2000,2000,2000,2.9689407348632813,12.091094970703125,0.09488677978515625,0,1.7440643310546875,4.371826171875,6.02703857421875,9.079559326171875,3.12884521484375,8.366020202636719,1.01318359375,5.706428527832031,1.5996475219726563,0.6769256591796875,1.0643692016601563,0.8219985961914063,16486756352,6710886400,8226549760,0
200,1771997872055,4164.680160522461,3000,0,0.8625,38455.09086608887,2000,2000,2000,2000,2000,2000,2000,2000,2000,2000,2000,2000,2000,2000,2000,2000,3.2831802368164063,12.515853881835938,0.2713623046875,0.32399749755859375,0.8511886596679688,5.751861572265625,7.134178161621094,6.677116394042969,5.2128753662109375,7.479270935058594,0.7515182495117188,0.842437744140625,0.408721923828125,0.6576919555664063,0.9108657836914063,0.29265594482421875,16486756352,6710886400,8226611200,0
199,1771997872256,1018.5213623046875,3750,0,1.05,38456.01872253418,2000,2000,2000,2000,2000,2000,2000,2000,2000,2000,2000,2000,2000,2000,2000,2000,3.36968994140625,10.733078002929688,0.44770050048828125,0.42083740234375,1.5792388916015625,7.08819580078125,7.386260986328125,7.771240234375,2.779571533203125,10.102958679199219,0.9004287719726563,1.3737945556640625,0.5041580200195313,1.1051712036132813,0.5107803344726563,0.33731842041015625,16486756352,6710886400,8226566144,0
199,1771997872456,5292.564987182617,3750,0,1.0437500000000002,38457.19094848633,2000,2000,2000,2000,2000,2000,2000,2000,2000,2000,2000,2000,2000,2000,2000,2000,3.9371490478515625,8.67919921875,0.8602676391601563,1.2927474975585938,0.8993072509765625,5.639312744140625,5.2967529296875,21.44488525390625,3.8017959594726563,7.581275939941406,1.6860809326171875,1.1647262573242188,0.779632568359375,1.2237930297851563,0.2064056396484375,0.41051483154296875,16486756352,6710886400,8227336192,0
200,1771997872657,4165.053131103516,1920,1,0.66875,38458.11463928223,2000,2000,2000,2000,2000,2000,2000,2000,2000,2000,2000,2000,2000,2000,2000,2000,3.8397445678710938,10.043022155761719,0.16741180419921875,0.102081298828125,0.71246337890625,7.1092987060546875,8.135520935058594,7.031700134277344,5.700736999511719,5.7186126708984375,0.55816650390625,0.292022705078125,1.0124053955078125,1.2763900756835938,0.11660003662109375,0.29543304443359375,16486756352,6710886400,8227627008,0
199,1771997872857,4165.137466430664,3750,1,0.6625,38459.07206726074,2000,2000,2000,2000,2000,2000,2000,2000,2000,2000,2000,2000,2000,2000,2000,2000,3.7220916748046875,11.63812255859375,0.39125823974609375,0.513458251953125,1.0546112060546875,7.4746246337890625,10.120407104492188,6.23992919921875,5.0413665771484375,6.52325439453125,2.90185546875,1.0025634765625,0.794189453125,0.876373291015625,0.821136474609375,0.6655502319335938,16486756352,6710886400,8227139584,0
199,1771997873057,4165.222854614258,3750,0,1.0437500000000002,38459.99154663086,2000,2000,2000,2000,2000,2000,2000,2000,2000,2000,2000,2000,2000,2000,2000,2000,4.3891754150390625,10.536773681640625,0.9101791381835938,0.6685791015625,2.24749755859375,7.417488098144531,6.426292419433594,10.924514770507813,3.7281646728515625,7.209846496582031,1.2341384887695313,1.2555999755859375,1.2858734130859375,1.56781005859375,0.6545867919921875,0.6009140014648438,16486756352,6710886400,8227123200,0
200,1771997873257,4165.309280395508,2400,0,0.74375,38460.9609375,2000,2000,2000,2000,2000,2000,2000,2000,2000,2000,2000,2000,2000,2000,2000,2000,4.2582855224609375,10.85760498046875,0.9199066162109375,0.569061279296875,1.2553558349609375,5.6050262451171875,7.608665466308594,7.9905548095703125,3.5963897705078125,8.254714965820313,1.0874786376953125,0.8941574096679688,0.7839279174804688,0.9515533447265625,0.2164154052734375,0.455078125,16486756352,6710886400,8227155968,0
200,1771997873458,5292.904098510742,2400,0,0.74375,38461.87127685547,2000,2000,2000,2000,2000,2000,2000,2000,2000,2000,2000,2000,2000,2000,2000,2000,3.2389602661132813,9.635948181152344,0.16170501708984375,0,0.48145294189453125,6.516502380371094,7.169471740722656,7.054412841796875,2.4378509521484375,8.27276611328125,2.2933197021484375,1.5514144897460938,1.723724365234375,0.5912551879882813,0.055450439453125,0.04904937744140625,16486756352,6710886400,8226029568,0
199,1771997873658,5292.979309082031,2400,0,0.74375,38462.78219604492,2000,2000,2000,2000,2000,2000,2000,2000,2000,2000,2000,2000,2000,2000,2000,2000,3.3056259155273438,10.09368896484375,0.5056076049804688,0.545257568359375,1.0097198486328125,5.570610046386719,9.930290222167969,6.992462158203125,5.233985900878906,8.715530395507813,0.837493896484375,0.60406494140625,1.6701431274414063,0.9757003784179688,0.2783660888671875,0.3681488037109375,16486756352,6710886400,8226054144,0
200,1771997873858,4165.561706542969,2400,0,0.74375,38463.704010009766,2000,2000,2000,2000,2000,2000,2000,2000,2000,2000,2000,2000,2000,2000,2000,2000,2.9906845092773438,10.844985961914063,0.5868988037109375,0.357025146484375,1.022979736328125,6.191078186035156,5.4092559814453125,10.048530578613281,4.518867492675781,5.202606201171875,2.3141403198242188,1.1284561157226563,1.9742507934570313,1.4294509887695313,1.2330322265625,1.8626785278320313,16486756352,6710886400,8226299904,0
200,1771997874059,1018.7469635009766,3750,0,1.05,38464.623138427734,2000,2000,2000,2000,2000,2000,2000,2000,2000,2000,2000,2000,2000,2000,2000,2000,4.4832305908203125,11.49249267578125,1.6505050659179688,1.007293701171875,2.5216598510742188,6.489707946777344,8.1416015625,8.494644165039063,5.3995513916015625,5.65087890625,1.234893798828125,2.4928131103515625,0.8497695922851563,1.3763504028320313,1.204803466796875,0.6314239501953125,16486756352,6710886400,8226295808,0
200,1771997874259,5293.175842285156,2400,0,0.74375,38465.61827087402,2000,2000,2000,2000,2000,2000,2000,2000,2000,2000,2000,2000,2000,2000,2000,2000,3.6998138427734375,9.847137451171875,0.475860595703125,0.35489654541015625,0.85906982421875,6.218162536621094,5.773902893066406,8.376663208007813,4.933952331542969,9.147674560546875,1.58758544921875,2.5416641235351563,0.6558303833007813,0.78887939453125,0.46143341064453125,0.5297775268554688,16486756352,6710886400,8226213888,0
200,1771997874460,5293.350723266602,2000,1,0.68125,38466.71739196777,2000,2000,2000,2000,2000,2000,2000,2000,2000,2000,2000,2000,2000,2000,2000,2000,3.252593994140625,8.1138916015625,0.491363525390625,0.7631912231445313,0.8610610961914063,7.122566223144531,5.982490539550781,8.485939025878906,16.57709503173828,4.845703125,1.2863388061523438,2.41748046875,1.2099151611328125,1.0046234130859375,0,0,16486756352,6710886400,8227254272,0
199,1771997874661,5293.425308227539,3750,0,1.0437500000000002,38467.64888000488,2000,2000,2000,2000,2000,2000,2000,2000,2000,2000,2000,2000,2000,2000,2000,2000,3.4308013916015625,9.452476501464844,0.296661376953125,0.6147994995117188,0.6651153564453125,5.724365234375,5.78179931640625,9.062950134277344,4.4601898193359375,9.266006469726563,0.447113037109375,0.9723434448242188,1.2401123046875,0.9281539916992188,0.9634246826171875,0.15413665771484375,16486756352,6710886400,8227307520,0
199,1771997874861,4165.996856689453,3750,0,1.0437500000000002,38468.58462524414,2000,2000,2000,2000,2000,2000,2000,2000,2000,2000,2000,2000,2000,2000,2000,2000,4.5554656982421875,10.464424133300781,0.7098312377929688,0.6440048217773438,2.0245437622070313,8.138961791992188,5.756752014160156,9.562110900878906,4.507164001464844,9.313644409179688,1.2338714599609375,3.7608489990234375,3.05755615234375,1.1940460205078125,0.9939346313476563,0.9452285766601563,16486756352,6710886400,8227299328,0
199,1771997875061,4166.082656860352,3750,0,0.74375,38469.50277709961,2000,2000,2000,2000,2000,2000,2000,2000,2000,2000,2000,2000,2000,2000,2000,2000,3.5387954711914063,10.306251525878906,0.514984130859375,2.1612625122070313,1.4896926879882813,6.127082824707031,7.684715270996094,8.485267639160156,7.529426574707031,5.1297607421875,1.2918243408203125,0.8063888549804688,0.719390869140625,0.7883758544921875,0.3335418701171875,0.43282318115234375,16486756352,6710886400,8227270656,0
200,1771997875261,5293.644805908203,1920,1,0.66875,38470.425384521484,2000,2000,2000,2000,2000,2000,2000,2000,2000,2000,2000,2000,2000,2000,2000,2000,3.3675079345703125,9.590583801269531,0.8519744873046875,0.6402053833007813,2.3830490112304688,7.189949035644531,6.5489501953125,7.921394348144531,3.9433670043945313,8.229042053222656,0.8743362426757813,2.3421630859375,0.744049072265625,1.3258285522460938,0.7075424194335938,0.704498291015625,16486756352,6710886400,8227168256,0
199,1771997875462,4166.2510986328125,3750,1,0.66875,38471.32922363281,2000,2000,2000,2000,2000,2000,2000,2000,2000,2000,2000,2000,2000,2000,2000,2000,2.8577117919921875,7.856727600097656,0.5446853637695313,0.771026611328125,0.6615219116210938,6.3489990234375,9.739219665527344,6.270576477050781,3.5629348754882813,8.456138610839844,0.823455810546875,0.7330093383789063,1.418426513671875,1.2051544189453125,0.36224365234375,0.19336700439453125,16486756352,6710886400,8226050048,0
199,1771997875662,5293.801498413086,2000,1,0.68125,38472.30244445801,2000,2000,2000,2000,2000,2000,2000,2000,2000,2000,2000,2000,2000,2000,2000,2000,4.216300964355469,12.47760009765625,0.27880096435546875,0.57696533203125,0.7233734130859375,5.07391357421875,7.587272644042969,8.229660034179688,4.189903259277344,9.474113464355469,0.6151885986328125,1.0476913452148438,0.47606658935546875,1.8808975219726563,0.21497344970703125,0.3596954345703125,16486756352,6710886400,8225476608,0
199,1771997875863,2584.682846069336,3000,0,0.8625,38473.253677368164,2000,2000,2000,2000,2000,2000,2000,2000,2000,2000,2000,2000,2000,2000,2000,2000,3.6920623779296875,11.180244445800781,0.5265655517578125,2.3257293701171875,1.0131912231445313,5.14288330078125,7.910743713378906,8.236915588378906,5.563697814941406,5.607490539550781,1.5827484130859375,0.21370697021484375,1.2600326538085938,1.1527252197265625,0.6810684204101563,0.7532882690429688,16486756352,6710886400,8225976320,0
200,1771997876063,550.1777496337891,3000,0,0.875,38474.18257141113,2000,2000,2000,2000,2000,2000,2000,2000,2000,2000,2000,2000,2000,2000,2000,2000,3.8112640380859375,11.694282531738281,0.4942474365234375,0.37754058837890625,0.9852523803710938,5.201927185058594,7.574241638183594,8.287673950195313,6.1474761962890625,5.228691101074219,1.291778564453125,1.9128265380859375,0.5533294677734375,1.2296524047851563,0.8611526489257813,0.552825927734375,16486756352,6710886400,8225976320,0
199,1771997876263,550.1822662353516,1920,1,0.675,38475.12187194824,2000,2000,2000,2000,2000,2000,2000,2000,2000,2000,2000,2000,2000,2000,2000,2000,3.3641510009765625,9.583259582519531,0.2258148193359375,0.37786865234375,1.0548019409179688,5.87884521484375,7.892921447753906,6.091072082519531,5.491241455078125,8.45574951171875,0.9338607788085938,0.3183441162109375,1.302337646484375,1.7968521118164063,0.9141845703125,0.32338714599609375,16486756352,6710886400,8225910784,0
200,1771997876463,5294.194671630859,2400,0,0.74375,38476.253494262695,2000,2000,2000,2000,2000,2000,2000,2000,2000,2000,2000,2000,2000,2000,2000,2000,3.887420654296875,10.602020263671875,0.5379180908203125,0.8193511962890625,1.3087005615234375,9.370170593261719,7.280601501464844,7.697845458984375,17.603431701660156,4.948326110839844,2.49627685546875,2.1909103393554688,0.484405517578125,1.4995346069335938,0.30846405029296875,0.35103607177734375,16486756352,6710886400,8226926592,0
200,1771997876664,5294.268096923828,3750,0,1.0437500000000002,38477.183013916016,2000,2000,2000,2000,2000,2000,2000,2000,2000,2000,2000,2000,2000,2000,2000,2000,3.5110015869140625,9.690544128417969,0.5651321411132813,0.453155517578125,1.088165283203125,8.273719787597656,6.677085876464844,10.4521484375,4.1890106201171875,7.5097198486328125,1.9619979858398438,0.4702606201171875,1.7705612182617188,0.7205581665039063,0.287506103515625,0.28720855712890625,16486756352,6710886400,8227336192,0
199,1771997876864,683.8106536865234,3000,0,0.8625,38478.130920410156,2000,2000,2000,2000,2000,2000,2000,2000,2000,2000,2000,2000,2000,2000,2000,2000,4.085700988769531,11.270828247070313,1.21160888671875,1.6416091918945313,1.4128799438476563,7.5130157470703125,5.755523681640625,10.471595764160156,5.433021545410156,6.694313049316406,2.5777053833007813,0.7383193969726563,0.7301788330078125,1.950927734375,0.6524429321289063,0.25933837890625,16486756352,6710886400,8227246080,0
200,1771997877064,5294.4136962890625,2000,1,0.68125,38479.13327026367,2000,2000,2000,2000,2000,2000,2000,2000,2000,2000,2000,2000,2000,2000,2000,2000,3.532135009765625,9.2413330078125,0.8520431518554688,1.409912109375,1.538726806640625,4.746086120605469,7.8408355712890625,8.120597839355469,4.914680480957031,7.555595397949219,1.5397720336914063,2.0713729858398438,2.7099075317382813,1.5514373779296875,0.7075271606445313,0.473876953125,16486756352,6710886400,8226824192,0
199,1771997877265,5294.486953735352,3750,0,1.0375,38480.0576171875,2000,2000,2000,2000,2000,2000,2000,2000,2000,2000,2000,2000,2000,2000,2000,2000,4.7572784423828125,10.592735290527344,0.22251129150390625,0.30545806884765625,0.7916259765625,7.624359130859375,8.588264465332031,5.15301513671875,5.503265380859375,6.965507507324219,0.846893310546875,0.96270751953125,0.4029693603515625,1.411865234375,0.20769500732421875,0.12474822998046875,16486756352,6710886400,8226574336,0
200,1771997877465,5294.553802490234,2000,1,0.68125,38480.984130859375,2000,2000,2000,2000,2000,2000,2000,2000,2000,2000,2000,2000,2000,2000,2000,2000,3.781951904296875,8.852210998535156,0,0,0.42327880859375,7.994987487792969,6.557609558105469,8.765380859375,4.5695648193359375,5.7661895751953125,0.6772994995117188,0.21607208251953125,0.39974212646484375,0.8954238891601563,0.10440826416015625,0,16486756352,6710886400,8225382400,0
200,1771997877666,5294.62467956543,2400,0,0.74375,38481.915588378906,2000,2000,2000,2000,2000,2000,2000,2000,2000,2000,2000,2000,2000,2000,2000,2000,3.5460433959960938,10.727516174316406,0.58123779296875,1.35699462890625,1.2409286499023438,7.115936279296875,9.393928527832031,5.778770446777344,4.327018737792969,8.614738464355469,0.8739395141601563,1.376220703125,0.8447265625,1.7013702392578125,0.551422119140625,0.5395965576171875,16486756352,6710886400,8226426880,0
199,1771997877866,4167.278823852539,3000,0,0.85625,38482.84492492676,2000,2000,2000,2000,2000,2000,2000,2000,2000,2000,2000,2000,2000,2000,2000,2000,2.701873779296875,11.088180541992188,0.2846221923828125,0.4451904296875,1.2989578247070313,5.974937438964844,6.444969177246094,9.8720703125,4.373847961425781,7.521507263183594,2.379638671875,0.5910415649414063,1.74090576171875,0.974334716796875,0.8973159790039063,1.4261550903320313,16486756352,6710886400,8226234368,0
199,1771997878066,5294.760162353516,3750,0,1.0375,38483.78387451172,2000,2000,2000,2000,2000,2000,2000,2000,2000,2000,2000,2000,2000,2000,2000,2000,2.93585205078125,10.688453674316406,0.51031494140625,0,0.9365692138671875,5.785987854003906,7.218193054199219,7.9252777099609375,3.9298782348632813,7.2611236572265625,0.8938369750976563,1.3648300170898438,0.19647216796875,0.9587631225585938,0.1065521240234375,0.13780975341796875,16486756352,6710886400,8226217984,0
199,1771997878266,4167.449600219727,3750,0,1.0437500000000002,38484.741287231445,2000,2000,2000,2000,2000,2000,2000,2000,2000,2000,2000,2000,2000,2000,2000,2000,3.86431884765625,11.716766357421875,0.186279296875,1.010589599609375,1.413055419921875,5.870269775390625,8.349693298339844,6.787864685058594,3.6365966796875,8.018646240234375,0.8428878784179688,1.7065048217773438,0.39557647705078125,0.6366348266601563,0.386138916015625,0.3079833984375,16486756352,6710886400,8226217984,0
200,1771997878466,5295.015869140625,2400,0,0.74375,38485.932556152344,2000,2000,2000,2000,2000,2000,2000,2000,2000,2000,2000,2000,2000,2000,2000,2000,3.5774688720703125,9.097755432128906,0.75177001953125,0.9103622436523438,1.0508499145507813,7.75909423828125,8.938865661621094,6.928947448730469,15.251556396484375,7.33502197265625,2.5681533813476563,1.9811553955078125,1.1176071166992188,2.7305755615234375,0.6808242797851563,1.2095413208007813,16486756352,6710886400,8226996224,0
200,1771997878667,4167.632064819336,3000,0,0.85625,38486.8507232666,2000,2000,2000,2000,2000,2000,2000,2000,2000,2000,2000,2000,2000,2000,2000,2000,3.5259475708007813,9.168235778808594,0.31787109375,1.2290267944335938,0.7890853881835938,7.760124206542969,7.484306335449219,6.980812072753906,1.861175537109375,9.971641540527344,0.7516708374023438,1.9437332153320313,1.7199020385742188,0.815826416015625,0.30948638916015625,0.20717620849609375,16486756352,6710886400,8227086336,0
200,1771997878867,5295.159072875977,2400,0,0.74375,38487.803955078125,2000,2000,2000,2000,2000,2000,2000,2000,2000,2000,2000,2000,2000,2000,2000,2000,3.7436904907226563,10.311683654785156,1.4364700317382813,0.3764801025390625,0.8730545043945313,6.039955139160156,7.848899841308594,7.787353515625,3.4528274536132813,9.927253723144531,0.97833251953125,2.3002166748046875,2.5042648315429688,0.6148605346679688,0.23372650146484375,0.45774078369140625,16486756352,6710886400,8226963456,0
199,1771997879068,5295.229278564453,3000,0,0.8625,38488.73469543457,2000,2000,2000,2000,2000,2000,2000,2000,2000,2000,2000,2000,2000,2000,2000,2000,3.3711395263671875,12.421562194824219,0.3630218505859375,1.295654296875,1.210052490234375,6.258522033691406,6.5841827392578125,7.4090576171875,1.4022140502929688,10.708656311035156,1.2331466674804688,2.2800140380859375,0.6387481689453125,0.9357223510742188,0.6064224243164063,0.6746673583984375,16486756352,6710886400,8227012608,0
199,1771997879268,5295.30583190918,2400,0,0.74375,38489.677963256836,2000,2000,2000,2000,2000,2000,2000,2000,2000,2000,2000,2000,2000,2000,2000,2000,4.0459747314453125,10.846443176269531,0.486968994140625,0.6354522705078125,0.9420623779296875,6.493461608886719,6.164863586425781,9.302253723144531,3.3350830078125,9.617408752441406,1.2113494873046875,0.764404296875,0.6045761108398438,1.3721237182617188,0.22882080078125,1.0688095092773438,16486756352,6710886400,8227258368,0
199,1771997879468,4167.9622802734375,3750,0,1.0437500000000002,38490.60855102539,2000,2000,2000,2000,2000,2000,2000,2000,2000,2000,2000,2000,2000,2000,2000,2000,3.8285064697265625,10.916595458984375,0.41845703125,0.34649658203125,1.0691452026367188,6.172760009765625,5.5463409423828125,7.794708251953125,3.99951171875,9.627853393554688,0.8713302612304688,0.5717315673828125,1.6935653686523438,0.9448394775390625,0.38469696044921875,0.354583740234375,16486756352,6710886400,8225947648,0
200,1771997879668,5295.467971801758,3750,0,1.0375,38491.572204589844,2000,2000,2000,2000,2000,2000,2000,2000,2000,2000,2000,2000,2000,2000,2000,2000,3.5348434448242188,9.901641845703125,0.71893310546875,0.8577423095703125,0.9325332641601563,6.649810791015625,4.8856048583984375,10.058647155761719,3.4227066040039063,10.826446533203125,1.4434051513671875,0.5010452270507813,0.59722900390625,1.4392623901367188,0.3762969970703125,0.5439224243164063,16486756352,6710886400,8226734080,0
199,1771997879869,4168.135726928711,2000,1,0.68125,38492.57914733887,2000,2000,2000,2000,2000,2000,2000,2000,2000,2000,2000,2000,2000,2000,2000,2000,3.3770599365234375,9.964271545410156,0.12711334228515625,1.069000244140625,2.04296875,6.3417510986328125,10.335853576660156,6.0510406494140625,3.8839111328125,9.188331604003906,2.9432220458984375,2.2174758911132813,1.5669937133789063,0.722442626953125,1.6478652954101563,2.4447250366210938,16486756352,6710886400,8218091520,0
200,1771997880069,4168.287734985352,3040,0,0.86875,38494.04960632324,2000,2000,2000,2000,2000,2000,2000,2000,2000,2000,2000,2000,2000,2000,2000,2000,7.077911376953125,8.277069091796875,1.5116119384765625,1.4911651611328125,1.959014892578125,7.6412811279296875,10.248184204101563,10.660598754882813,9.425399780273438,11.978225708007813,8.352897644042969,10.038299560546875,5.7182464599609375,4.241325378417969,0.934051513671875,1.6583099365234375,16486756352,6710886400,8219320320,0
0,1771997880269,3720.5555572509766,3750,0,1.05625,38497.11849975586,2000,2000,2000,2000,2000,2000,2000,2000,2000,2000,2000,2000,2000,2000,2000,2000,4.5009765625,11.281753540039063,4.43011474609375,2.9883575439453125,2.7045669555664063,7.998878479003906,10.685379028320313,12.595863342285156,10.478485107421875,11.469680786132813,37.18547058105469,27.571380615234375,4.269783020019531,2.4767684936523438,1.8501052856445313,2.8579177856445313,16486756352,6710886400,8218558464,0
